{"tracks":[{"name":"Track 1","patternInstances":[{"patternId":0,"position":0}],"trackId":0},{"name":"Track 2","patternInstances":[{"patternId":1,"position":0}],"trackId":1},{"name":"Track 3","patternInstances":[{"patternId":2,"position":0}],"trackId":2}],"patterns":[{"name":"Pattern 1","duration":64,"notes":[],"params":{"effects":[]},"patternId":0},{"name":"Pattern 2","duration":64,"notes":[],"params":{"effects":[]},"patternId":1},{"name":"Pattern 3","duration":64,"notes":[],"params":{"effects":[]},"patternId":2}],"instruments":[{"name":"instrument 0","color":16772045,"attack":0,"decay":0,"sustain":0,"release":0,"vibratoSpeed":0,"vibratoDepth":0,"vibratoDelay":0,"wavePtr":0,"pulsePtr":0,"filtPtr":0,"vibParam":0,"c3":0,"gateTimer":0,"firstWave":0,"wavetable":[],"pulsetable":[],"filtertable":[],"speedtable":[]},{"name":"Snare","type":"drum","color":255,"attack":0,"decay":2,"sustain":8,"release":8,"vibratoSpeed":0,"vibratoDepth":0,"vibratoDelay":0,"wavePtr":1,"pulsePtr":0,"filtPtr":0,"vibParam":0,"c3":0,"gateTimer":2,"firstWave":9,"wavetable":[[129,208],[65,170],[65,164],[128,212],[128,209],[255,0]],"pulsetable":[[136,0],[255,0]],"filtertable":[],"speedtable":[],"drumType":"snare","drumWaveform":64},{"name":"Tomdrum","type":"drum","color":9055202,"attack":0,"decay":2,"sustain":8,"release":8,"vibratoSpeed":0,"vibratoDepth":0,"vibratoDelay":0,"wavePtr":1,"pulsePtr":0,"filtPtr":0,"vibParam":0,"c3":0,"gateTimer":2,"firstWave":9,"wavetable":[[129,200],[65,0],[65,127],[64,126],[64,125],[0,124],[0,123],[0,122],[0,121],[0,120],[0,119],[0,118],[0,117],[255,0]],"pulsetable":[[136,0],[255,0]],"filtertable":[],"speedtable":[],"drumType":"tom","drumWaveform":64},{"name":"Kick Drum","type":"drum","color":10824234,"attack":0,"decay":0,"sustain":10,"release":8,"vibratoSpeed":0,"vibratoDepth":0,"vibratoDelay":0,"wavePtr":1,"pulsePtr":0,"filtPtr":0,"vibParam":0,"c3":0,"gateTimer":2,"firstWave":9,"wavetable":[[129,216],[17,166],[17,160],[16,152],[0,148],[255,0]],"pulsetable":[[136,0],[24,64],[8,192],[8,64],[255,0]],"filtertable":[],"speedtable":[],"drumType":"bass","drumWaveform":16},{"name":"Hihat open","type":"drum","color":14596231,"attack":0,"decay":0,"sustain":8,"release":9,"vibratoSpeed":0,"vibratoDepth":0,"vibratoDelay":0,"wavePtr":1,"pulsePtr":0,"filtPtr":0,"vibParam":0,"c3":0,"gateTimer":2,"firstWave":9,"wavetable":[[129,222],[128,220],[255,0]],"pulsetable":[[136,0],[24,64],[8,192],[8,64],[255,0]],"filtertable":[],"speedtable":[],"drumType":"hihat","drumWaveform":0},{"name":"Hihat closed","type":"drum","color":6266528,"attack":0,"decay":0,"sustain":4,"release":2,"vibratoSpeed":0,"vibratoDepth":0,"vibratoDelay":0,"wavePtr":1,"pulsePtr":0,"filtPtr":0,"vibParam":0,"c3":0,"gateTimer":2,"firstWave":9,"wavetable":[[129,222],[128,220],[255,0]],"pulsetable":[[136,0],[24,64],[8,192],[8,64],[255,0]],"filtertable":[],"speedtable":[],"drumType":"hihat","drumWaveform":0},{"name":"Rim Click","type":"advanced","color":8388352,"attack":0,"decay":2,"sustain":1,"release":8,"vibratoSpeed":0,"vibratoDepth":0,"vibratoDelay":0,"wavePtr":1,"pulsePtr":0,"filtPtr":0,"vibParam":0,"c3":0,"gateTimer":2,"firstWave":9,"wavetable":[[129,0],[128,0],[255,0]],"pulsetable":[],"filtertable":[],"speedtable":[]},{"name":"Clap","type":"advanced","color":13789470,"attack":0,"decay":0,"sustain":11,"release":5,"vibratoSpeed":0,"vibratoDepth":0,"vibratoDelay":0,"wavePtr":1,"pulsePtr":0,"filtPtr":0,"vibParam":0,"c3":0,"gateTimer":2,"firstWave":9,"wavetable":[[129,200],[65,155],[129,200],[128,184],[255,0]],"pulsetable":[[136,0],[255,0]],"filtertable":[],"speedtable":[]},{"name":"Bongo","type":"advanced","color":16744272,"attack":0,"decay":3,"sustain":7,"release":4,"vibratoSpeed":0,"vibratoDepth":0,"vibratoDelay":0,"wavePtr":1,"pulsePtr":1,"filtPtr":0,"vibParam":0,"c3":0,"gateTimer":2,"firstWave":9,"wavetable":[[113,158],[17,0],[2,0],[16,0],[255,0]],"pulsetable":[[136,0],[255,0]],"filtertable":[],"speedtable":[]},{"name":"Woodblock","type":"advanced","color":6591981,"attack":0,"decay":0,"sustain":0,"release":3,"vibratoSpeed":0,"vibratoDepth":0,"vibratoDelay":0,"wavePtr":1,"pulsePtr":1,"filtPtr":0,"vibParam":0,"c3":0,"gateTimer":2,"firstWave":9,"wavetable":[[17,205],[16,202],[255,0]],"pulsetable":[],"filtertable":[],"speedtable":[]},{"name":"Square Wave","type":"basic","color":16775388,"attack":0,"decay":0,"sustain":6,"release":9,"vibratoSpeed":0,"vibratoDepth":0,"vibratoDelay":0,"wavePtr":1,"pulsePtr":0,"filtPtr":0,"vibParam":0,"c3":0,"gateTimer":2,"firstWave":9,"wavetable":[[65,0],[255,0]],"pulsetable":[[137,153],[255,0]],"filtertable":[],"speedtable":[],"basicWaveform":64,"basicEffect":"none","pulseWidth":50,"pulseModulationSpeed":0,"pulseModulationDepth":0},{"name":"Electric Piano","type":"advanced","color":14423100,"attack":0,"decay":0,"sustain":6,"release":8,"vibratoSpeed":1,"vibratoDepth":11,"vibratoDelay":0,"wavePtr":1,"pulsePtr":1,"filtPtr":0,"vibParam":0,"c3":0,"gateTimer":2,"firstWave":9,"wavetable":[[17,0],[81,0],[255,0]],"pulsetable":[[132,0],[255,0]],"filtertable":[],"speedtable":[]},{"name":"Electric Guitar","type":"advanced","color":65535,"attack":0,"decay":0,"sustain":6,"release":6,"vibratoSpeed":4,"vibratoDepth":6,"vibratoDelay":0,"wavePtr":1,"pulsePtr":1,"filtPtr":0,"vibParam":0,"c3":0,"gateTimer":2,"firstWave":9,"wavetable":[[33,0],[1,0],[65,0],[255,0]],"pulsetable":[[134,0],[255,0]],"filtertable":[],"speedtable":[]},{"name":"Bass (filtered on ch1)","type":"advanced","color":139,"attack":2,"decay":0,"sustain":6,"release":9,"vibratoSpeed":0,"vibratoDepth":0,"vibratoDelay":0,"wavePtr":1,"pulsePtr":1,"filtPtr":0,"vibParam":0,"c3":0,"gateTimer":2,"firstWave":9,"wavetable":[[65,0],[255,0]],"pulsetable":[[137,153],[255,0]],"filtertable":[[144,241],[0,12],[2,1],[255,0]],"speedtable":[],"basicWaveform":64,"basicEffect":"none","pulseWidth":60,"pulseModulationSpeed":0,"pulseModulationDepth":0},{"name":"Flute","type":"advanced","color":35723,"attack":8,"decay":10,"sustain":8,"release":9,"vibratoSpeed":1,"vibratoDepth":12,"vibratoDelay":1,"wavePtr":1,"pulsePtr":0,"filtPtr":0,"vibParam":0,"c3":0,"gateTimer":2,"firstWave":9,"wavetable":[[65,0],[17,0],[255,0]],"pulsetable":[[136,0],[255,0]],"filtertable":[],"speedtable":[]},{"name":"C64 Lead","type":"advanced","color":12092939,"attack":2,"decay":0,"sustain":5,"release":5,"vibratoSpeed":1,"vibratoDepth":24,"vibratoDelay":0,"wavePtr":1,"pulsePtr":0,"filtPtr":0,"vibParam":0,"c3":0,"gateTimer":2,"firstWave":9,"wavetable":[[65,0],[255,0]],"pulsetable":[[128,16],[32,64],[64,224],[64,32],[255,3]],"filtertable":[],"speedtable":[]},{"name":"Major Arp","type":"basic","color":11119017,"attack":11,"decay":9,"sustain":4,"release":6,"vibratoSpeed":0,"vibratoDepth":0,"vibratoDelay":0,"wavePtr":1,"pulsePtr":0,"filtPtr":0,"vibParam":0,"c3":0,"gateTimer":2,"firstWave":9,"wavetable":[[65,0],[1,123],[1,120],[1,0],[255,2]],"pulsetable":[[130,102],[255,0]],"filtertable":[],"speedtable":[],"basicWaveform":64,"basicEffect":"arpeggio","pulseWidth":15,"pulseModulationSpeed":0,"pulseModulationDepth":0,"arpeggioSpeed":1,"arpeggioType":"major","arpeggioDirection":"up"},{"name":"instrument 3","type":"basic","color":25600,"attack":11,"decay":9,"sustain":8,"release":12,"vibratoSpeed":0,"vibratoDepth":0,"vibratoDelay":0,"wavePtr":1,"pulsePtr":0,"filtPtr":0,"vibParam":0,"c3":0,"gateTimer":2,"firstWave":9,"wavetable":[[17,0],[255,0]],"pulsetable":[[136,0],[255,0]],"filtertable":[],"speedtable":[],"basicWaveform":16,"pulseWidth":0,"pulseModulationSpeed":0,"pulseModulationDepth":0,"arpeggioSpeed":0,"arpeggioType":"none","arpeggioDirection":"up"},{"name":"instrument 4","type":"advanced","color":12433259,"attack":0,"decay":9,"sustain":0,"release":9,"vibratoSpeed":0,"vibratoDepth":0,"vibratoDelay":0,"wavePtr":1,"pulsePtr":0,"filtPtr":0,"vibParam":0,"c3":0,"gateTimer":2,"firstWave":9,"wavetable":[[129,0],[0,12],[0,108],[255,1]],"pulsetable":[],"filtertable":[],"speedtable":[]},{"name":"instrument 5","type":"advanced","attack":0,"decay":8,"sustain":5,"release":0,"vibratoSpeed":0,"vibratoDepth":0,"vibratoDelay":0,"wavePtr":1,"pulsePtr":0,"filtPtr":0,"vibParam":0,"c3":0,"gateTimer":2,"firstWave":9,"wavetable":[[65,0],[0,12],[0,108],[255,0]],"pulsetable":[[136,0],[255,0]],"filtertable":[],"speedtable":[],"color":9109643},{"name":"instrument 6","type":"advanced","attack":9,"decay":0,"sustain":15,"release":0,"vibratoSpeed":0,"vibratoDepth":0,"vibratoDelay":0,"wavePtr":1,"pulsePtr":0,"filtPtr":0,"vibParam":0,"c3":0,"gateTimer":2,"firstWave":9,"wavetable":[[65,127],[2,126],[2,125],[2,124],[2,123],[50,122],[2,0],[255,0]],"pulsetable":[[136,0],[255,0]],"filtertable":[],"speedtable":[],"color":5597999},{"name":"instrument 7","type":"advanced","attack":0,"decay":6,"sustain":0,"release":10,"vibratoSpeed":0,"vibratoDepth":0,"vibratoDelay":0,"wavePtr":1,"pulsePtr":0,"filtPtr":0,"vibParam":0,"c3":0,"gateTimer":2,"firstWave":9,"wavetable":[[129,0],[129,0],[65,127],[11,126],[11,125],[11,124],[255,0]],"pulsetable":[[136,0],[255,0]],"filtertable":[],"speedtable":[],"color":16747520},{"name":"instrument 8","type":"advanced","attack":0,"decay":7,"sustain":7,"release":0,"vibratoSpeed":0,"vibratoDepth":0,"vibratoDelay":0,"wavePtr":1,"pulsePtr":0,"filtPtr":0,"vibParam":0,"c3":0,"gateTimer":2,"firstWave":9,"wavetable":[[17,0],[255,0]],"pulsetable":[],"filtertable":[],"speedtable":[],"color":10040012},{"name":"Tremolo","type":"advanced","attack":10,"decay":0,"sustain":13,"release":3,"vibratoSpeed":0,"vibratoDepth":0,"vibratoDelay":0,"wavePtr":7,"pulsePtr":0,"filtPtr":0,"vibParam":0,"c3":0,"gateTimer":2,"firstWave":9,"wavetable":[[17,0],[1,128],[16,128],[1,128],[17,128],[255,2]],"pulsetable":[],"filtertable":[],"speedtable":[],"color":9109504},{"name":"Solo","type":"advanced","attack":0,"decay":3,"sustain":9,"release":0,"vibratoSpeed":1,"vibratoDepth":7,"vibratoDelay":1,"wavePtr":7,"pulsePtr":0,"filtPtr":0,"vibParam":7,"c3":1,"gateTimer":2,"firstWave":9,"wavetable":[[23,0],[255,0]],"pulsetable":[],"filtertable":[],"speedtable":[],"color":15308410},{"name":"Chord","type":"advanced","attack":14,"decay":5,"sustain":4,"release":14,"vibratoSpeed":0,"vibratoDepth":0,"vibratoDelay":0,"wavePtr":7,"pulsePtr":0,"filtPtr":0,"vibParam":0,"c3":0,"gateTimer":2,"firstWave":9,"wavetable":[[65,0],[65,0],[65,0],[65,0],[65,7],[65,7],[65,7],[65,7],[65,12],[65,12],[65,12],[65,12],[65,7],[65,7],[65,7],[65,7],[255,1]],"pulsetable":[[132,0],[32,32],[32,224],[255,1]],"filtertable":[],"speedtable":[],"color":9419919},{"name":"Solo","type":"advanced","attack":0,"decay":0,"sustain":8,"release":9,"vibratoSpeed":0,"vibratoDepth":0,"vibratoDelay":0,"wavePtr":7,"pulsePtr":0,"filtPtr":0,"vibParam":7,"c3":1,"gateTimer":2,"firstWave":9,"wavetable":[[65,0],[255,0]],"pulsetable":[[132,0],[24,80],[24,176],[255,1]],"filtertable":[],"speedtable":[],"color":4734347},{"name":"Bass","type":"advanced","attack":0,"decay":0,"sustain":15,"release":8,"vibratoSpeed":0,"vibratoDepth":0,"vibratoDelay":0,"wavePtr":7,"pulsePtr":0,"filtPtr":0,"vibParam":7,"c3":1,"gateTimer":2,"firstWave":9,"wavetable":[[65,0],[65,0],[64,0],[255,0]],"pulsetable":[[128,48],[32,80],[255,0]],"filtertable":[[144,243],[0,47],[10,255],[128,0],[255,0]],"speedtable":[],"color":3100495},{"name":"Kick","type":"advanced","attack":0,"decay":0,"sustain":15,"release":10,"vibratoSpeed":0,"vibratoDepth":0,"vibratoDelay":0,"wavePtr":7,"pulsePtr":0,"filtPtr":0,"vibParam":7,"c3":1,"gateTimer":2,"firstWave":9,"wavetable":[[129,223],[17,170],[17,167],[17,165],[16,160],[16,155],[16,146],[255,0]],"pulsetable":[],"filtertable":[],"speedtable":[],"color":52945},{"name":"Glass","type":"advanced","attack":0,"decay":0,"sustain":6,"release":6,"vibratoSpeed":0,"vibratoDepth":0,"vibratoDelay":0,"wavePtr":7,"pulsePtr":0,"filtPtr":0,"vibParam":7,"c3":1,"gateTimer":2,"firstWave":9,"wavetable":[[129,218],[64,12],[16,0],[255,0]],"pulsetable":[[136,0],[1,64],[255,2]],"filtertable":[],"speedtable":[],"color":9699539}],"filters":[{"name":"Filter 0","filtertable":[]},{"name":"Lowpass Sweep Up","type":"basic","filtertable":[[144,247],[0,0],[1,1],[2,0],[255,3]],"basicFilterType":16,"basicFilterResonance":15,"basicFilterChannels":7,"basicCutoff":64,"basicModulationDirection":"up","basicModulationTime":1,"basicModulationSpeed":1,"basicModulationRepeat":1},{"name":"Bandpass Sweep Up/Down","type":"advanced","filtertable":[[160,247],[0,0],[24,1],[24,255],[255,3]]},{"name":"Highpass Sweep Down","type":"advanced","filtertable":[[192,247],[0,100],[1,255],[3,0],[255,3]]},{"name":"Tremolo","type":"advanced","filtertable":[[144,247],[0,255],[5,0],[0,0],[5,0],[255,2]],"basicFilterType":16,"basicFilterResonance":15,"basicFilterChannels":7,"basicCutoff":64,"basicModulationDirection":"up","basicModulationTime":1,"basicModulationSpeed":1,"basicModulationRepeat":1}]}