{"id":"D55BB213-D949-4AFD-BCDA-1B904162C74D","width":320,"height":200,"frames":[{"duration":12}],"layers":[{"label":"Layer 0","visible":true,"opacity":1,"layerId":"C90DE18E-A2BA-4C0E-B3D0-A9FAEE3BA503","screenMode":"textmode","colorPerMode":"cell","compositeOperation":"source-over","blockMode":false,"cellWidth":8,"cellHeight":8,"colorPaletteId":"A6FDC8B0-D381-466E-8DD0-C89874B4B0CC","tileSetId":"68B84B60-C99B-4B48-A7DF-F7BB4328E3D1","type":"grid","gridWidth":40,"gridHeight":25,"frames":[{"data":[[{"t":32,"fc":5,"bc":0,"rz":0,"fh":0,"fv":0},{"t":32,"fc":5,"bc":-1,"rz":0,"fh":0,"fv":0},{"t":32,"fc":5,"bc":-1,"rz":0,"fh":0,"fv":0},{"t":32,"fc":5,"bc":-1,"rz":0,"fh":0,"fv":0},{"t":32,"fc":5,"bc":0,"rz":0,"fh":0,"fv":0},{"t":32,"fc":5,"bc":0,"rz":0,"fh":0,"fv":0},{"t":32,"fc":5,"bc":0,"rz":0,"fh":0,"fv":0},{"t":49,"fc":5,"bc":0,"rz":0,"fh":0,"fv":0},{"t":21,"fc":5,"bc":0,"rz":0,"fh":0,"fv":0},{"t":16,"fc":5,"bc":0,"rz":0,"fh":0,"fv":0},{"t":32,"fc":5,"bc":0,"rz":0,"fh":0,"fv":0},{"t":32,"fc":5,"bc":0,"rz":0,"fh":0,"fv":0},{"t":32,"fc":5,"bc":0,"rz":0,"fh":0,"fv":0},{"t":32,"fc":5,"bc":0,"rz":0,"fh":0,"fv":0},{"t":50,"fc":5,"bc":0,"rz":0,"fh":0,"fv":0},{"t":83,"fc":5,"bc":0,"rz":0,"fh":0,"fv":0},{"t":32,"fc":5,"bc":0,"rz":0,"fh":0,"fv":0},{"t":32,"fc":5,"bc":0,"rz":0,"fh":0,"fv":0},{"t":32,"fc":5,"bc":0,"rz":0,"fh":0,"fv":0},{"t":32,"fc":5,"bc":0,"rz":0,"fh":0,"fv":0},{"t":8,"fc":5,"bc":0,"rz":0,"fh":0,"fv":0},{"t":9,"fc":5,"bc":0,"rz":0,"fh":0,"fv":0},{"t":32,"fc":5,"bc":0,"rz":0,"fh":0,"fv":0},{"t":32,"fc":5,"bc":0,"rz":0,"fh":0,"fv":0},{"t":32,"fc":5,"bc":0,"rz":0,"fh":0,"fv":0},{"t":32,"fc":5,"bc":0,"rz":0,"fh":0,"fv":0},{"t":32,"fc":5,"bc":0,"rz":0,"fh":0,"fv":0},{"t":50,"fc":5,"bc":0,"rz":0,"fh":0,"fv":0},{"t":21,"fc":5,"bc":0,"rz":0,"fh":0,"fv":0},{"t":16,"fc":5,"bc":0,"rz":0,"fh":0,"fv":0},{"t":32,"fc":5,"bc":0,"rz":0,"fh":0,"fv":0},{"t":32,"fc":5,"bc":0,"rz":0,"fh":0,"fv":0},{"t":32,"fc":5,"bc":0,"rz":0,"fh":0,"fv":0},{"t":32,"fc":5,"bc":0,"rz":0,"fh":0,"fv":0},{"t":32,"fc":5,"bc":0,"rz":0,"fh":0,"fv":0},{"t":32,"fc":5,"bc":0,"rz":0,"fh":0,"fv":0},{"t":32,"fc":5,"bc":0,"rz":0,"fh":0,"fv":0},{"t":32,"fc":5,"bc":0,"rz":0,"fh":0,"fv":0},{"t":32,"fc":5,"bc":0,"rz":0,"fh":0,"fv":0},{"t":32,"fc":5,"bc":0,"rz":0,"fh":0,"fv":0}],[{"t":32,"fc":5,"bc":0,"rz":0,"fh":0,"fv":0},{"t":32,"fc":5,"bc":-1,"rz":0,"fh":0,"fv":0},{"t":32,"fc":5,"bc":-1,"rz":0,"fh":0,"fv":0},{"t":32,"fc":5,"bc":-1,"rz":0,"fh":0,"fv":0},{"t":32,"fc":5,"bc":0,"rz":0,"fh":0,"fv":0},{"t":48,"fc":5,"bc":0,"rz":0,"fh":0,"fv":0},{"t":48,"fc":5,"bc":0,"rz":0,"fh":0,"fv":0},{"t":53,"fc":5,"bc":0,"rz":0,"fh":0,"fv":0},{"t":52,"fc":5,"bc":0,"rz":0,"fh":0,"fv":0},{"t":54,"fc":5,"bc":0,"rz":0,"fh":0,"fv":0},{"t":53,"fc":5,"bc":0,"rz":0,"fh":0,"fv":0},{"t":32,"fc":5,"bc":0,"rz":0,"fh":0,"fv":0},{"t":32,"fc":5,"bc":0,"rz":0,"fh":0,"fv":0},{"t":32,"fc":5,"bc":0,"rz":0,"fh":0,"fv":0},{"t":32,"fc":5,"bc":0,"rz":0,"fh":0,"fv":0},{"t":32,"fc":5,"bc":0,"rz":0,"fh":0,"fv":0},{"t":32,"fc":5,"bc":0,"rz":0,"fh":0,"fv":0},{"t":32,"fc":5,"bc":0,"rz":0,"fh":0,"fv":0},{"t":57,"fc":5,"bc":0,"rz":0,"fh":0,"fv":0},{"t":57,"fc":5,"bc":0,"rz":0,"fh":0,"fv":0},{"t":57,"fc":5,"bc":0,"rz":0,"fh":0,"fv":0},{"t":57,"fc":5,"bc":0,"rz":0,"fh":0,"fv":0},{"t":57,"fc":5,"bc":0,"rz":0,"fh":0,"fv":0},{"t":57,"fc":5,"bc":0,"rz":0,"fh":0,"fv":0},{"t":32,"fc":5,"bc":0,"rz":0,"fh":0,"fv":0},{"t":32,"fc":5,"bc":0,"rz":0,"fh":0,"fv":0},{"t":48,"fc":5,"bc":0,"rz":0,"fh":0,"fv":0},{"t":48,"fc":5,"bc":0,"rz":0,"fh":0,"fv":0},{"t":48,"fc":5,"bc":0,"rz":0,"fh":0,"fv":0},{"t":48,"fc":5,"bc":0,"rz":0,"fh":0,"fv":0},{"t":48,"fc":5,"bc":0,"rz":0,"fh":0,"fv":0},{"t":48,"fc":5,"bc":0,"rz":0,"fh":0,"fv":0},{"t":32,"fc":5,"bc":0,"rz":0,"fh":0,"fv":0},{"t":32,"fc":5,"bc":0,"rz":0,"fh":0,"fv":0},{"t":32,"fc":5,"bc":0,"rz":0,"fh":0,"fv":0},{"t":32,"fc":5,"bc":0,"rz":0,"fh":0,"fv":0},{"t":32,"fc":5,"bc":0,"rz":0,"fh":0,"fv":0},{"t":32,"fc":5,"bc":0,"rz":0,"fh":0,"fv":0},{"t":32,"fc":5,"bc":0,"rz":0,"fh":0,"fv":0},{"t":32,"fc":5,"bc":0,"rz":0,"fh":0,"fv":0}],[{"t":32,"fc":5,"bc":0,"rz":0,"fh":0,"fv":0},{"t":32,"fc":5,"bc":-1,"rz":0,"fh":0,"fv":0},{"t":32,"fc":5,"bc":-1,"rz":0,"fh":0,"fv":0},{"t":32,"fc":5,"bc":-1,"rz":0,"fh":0,"fv":0},{"t":32,"fc":5,"bc":0,"rz":0,"fh":0,"fv":0},{"t":32,"fc":5,"bc":0,"rz":0,"fh":0,"fv":0},{"t":32,"fc":5,"bc":0,"rz":0,"fh":0,"fv":0},{"t":32,"fc":5,"bc":0,"rz":0,"fh":0,"fv":0},{"t":32,"fc":5,"bc":0,"rz":0,"fh":0,"fv":0},{"t":32,"fc":5,"bc":0,"rz":0,"fh":0,"fv":0},{"t":32,"fc":5,"bc":0,"rz":0,"fh":0,"fv":0},{"t":32,"fc":5,"bc":0,"rz":0,"fh":0,"fv":0},{"t":32,"fc":5,"bc":0,"rz":0,"fh":0,"fv":0},{"t":32,"fc":5,"bc":0,"rz":0,"fh":0,"fv":0},{"t":32,"fc":5,"bc":0,"rz":0,"fh":0,"fv":0},{"t":32,"fc":5,"bc":0,"rz":0,"fh":0,"fv":0},{"t":32,"fc":5,"bc":0,"rz":0,"fh":0,"fv":0},{"t":32,"fc":5,"bc":0,"rz":0,"fh":0,"fv":0},{"t":32,"fc":5,"bc":0,"rz":0,"fh":0,"fv":0},{"t":32,"fc":5,"bc":0,"rz":0,"fh":0,"fv":0},{"t":32,"fc":5,"bc":0,"rz":0,"fh":0,"fv":0},{"t":32,"fc":5,"bc":0,"rz":0,"fh":0,"fv":0},{"t":32,"fc":5,"bc":0,"rz":0,"fh":0,"fv":0},{"t":32,"fc":5,"bc":0,"rz":0,"fh":0,"fv":0},{"t":32,"fc":5,"bc":0,"rz":0,"fh":0,"fv":0},{"t":32,"fc":5,"bc":0,"rz":0,"fh":0,"fv":0},{"t":32,"fc":5,"bc":0,"rz":0,"fh":0,"fv":0},{"t":32,"fc":5,"bc":0,"rz":0,"fh":0,"fv":0},{"t":32,"fc":5,"bc":0,"rz":0,"fh":0,"fv":0},{"t":32,"fc":5,"bc":0,"rz":0,"fh":0,"fv":0},{"t":32,"fc":5,"bc":0,"rz":0,"fh":0,"fv":0},{"t":32,"fc":5,"bc":0,"rz":0,"fh":0,"fv":0},{"t":32,"fc":5,"bc":0,"rz":0,"fh":0,"fv":0},{"t":32,"fc":5,"bc":0,"rz":0,"fh":0,"fv":0},{"t":32,"fc":5,"bc":0,"rz":0,"fh":0,"fv":0},{"t":32,"fc":5,"bc":0,"rz":0,"fh":0,"fv":0},{"t":32,"fc":5,"bc":0,"rz":0,"fh":0,"fv":0},{"t":32,"fc":5,"bc":0,"rz":0,"fh":0,"fv":0},{"t":32,"fc":5,"bc":0,"rz":0,"fh":0,"fv":0},{"t":32,"fc":5,"bc":0,"rz":0,"fh":0,"fv":0}],[{"t":32,"fc":5,"bc":0,"rz":0,"fh":0,"fv":0},{"t":32,"fc":5,"bc":-1,"rz":0,"fh":0,"fv":0},{"t":32,"fc":5,"bc":-1,"rz":0,"fh":0,"fv":0},{"t":32,"fc":5,"bc":-1,"rz":0,"fh":0,"fv":0},{"t":32,"fc":5,"bc":0,"rz":0,"fh":0,"fv":0},{"t":32,"fc":5,"bc":0,"rz":0,"fh":0,"fv":0},{"t":32,"fc":5,"bc":0,"rz":0,"fh":0,"fv":0},{"t":32,"fc":5,"bc":0,"rz":0,"fh":0,"fv":0},{"t":32,"fc":5,"bc":0,"rz":0,"fh":0,"fv":0},{"t":32,"fc":5,"bc":0,"rz":0,"fh":0,"fv":0},{"t":32,"fc":5,"bc":0,"rz":0,"fh":0,"fv":0},{"t":32,"fc":5,"bc":0,"rz":0,"fh":0,"fv":0},{"t":32,"fc":5,"bc":0,"rz":0,"fh":0,"fv":0},{"t":32,"fc":5,"bc":0,"rz":0,"fh":0,"fv":0},{"t":108,"fc":5,"bc":0,"rz":0,"fh":0,"fv":0},{"t":81,"fc":5,"bc":0,"rz":0,"fh":0,"fv":0},{"t":32,"fc":5,"bc":0,"rz":0,"fh":0,"fv":0},{"t":32,"fc":5,"bc":0,"rz":0,"fh":0,"fv":0},{"t":32,"fc":5,"bc":0,"rz":0,"fh":0,"fv":0},{"t":32,"fc":5,"bc":0,"rz":0,"fh":0,"fv":0},{"t":32,"fc":5,"bc":0,"rz":0,"fh":0,"fv":0},{"t":32,"fc":5,"bc":0,"rz":0,"fh":0,"fv":0},{"t":32,"fc":5,"bc":0,"rz":0,"fh":0,"fv":0},{"t":32,"fc":5,"bc":0,"rz":0,"fh":0,"fv":0},{"t":32,"fc":5,"bc":0,"rz":0,"fh":0,"fv":0},{"t":32,"fc":5,"bc":0,"rz":0,"fh":0,"fv":0},{"t":32,"fc":5,"bc":0,"rz":0,"fh":0,"fv":0},{"t":32,"fc":5,"bc":0,"rz":0,"fh":0,"fv":0},{"t":32,"fc":5,"bc":0,"rz":0,"fh":0,"fv":0},{"t":32,"fc":5,"bc":0,"rz":0,"fh":0,"fv":0},{"t":32,"fc":5,"bc":0,"rz":0,"fh":0,"fv":0},{"t":32,"fc":5,"bc":0,"rz":0,"fh":0,"fv":0},{"t":32,"fc":5,"bc":0,"rz":0,"fh":0,"fv":0},{"t":32,"fc":5,"bc":0,"rz":0,"fh":0,"fv":0},{"t":32,"fc":5,"bc":0,"rz":0,"fh":0,"fv":0},{"t":32,"fc":5,"bc":0,"rz":0,"fh":0,"fv":0},{"t":32,"fc":5,"bc":0,"rz":0,"fh":0,"fv":0},{"t":32,"fc":5,"bc":0,"rz":0,"fh":0,"fv":0},{"t":32,"fc":5,"bc":0,"rz":0,"fh":0,"fv":0},{"t":32,"fc":5,"bc":0,"rz":0,"fh":0,"fv":0}],[{"t":32,"fc":5,"bc":0,"rz":0,"fh":0,"fv":0},{"t":32,"fc":5,"bc":-1,"rz":0,"fh":0,"fv":0},{"t":32,"fc":5,"bc":-1,"rz":0,"fh":0,"fv":0},{"t":32,"fc":5,"bc":-1,"rz":0,"fh":0,"fv":0},{"t":32,"fc":5,"bc":0,"rz":0,"fh":0,"fv":0},{"t":32,"fc":5,"bc":0,"rz":0,"fh":0,"fv":0},{"t":32,"fc":5,"bc":0,"rz":0,"fh":0,"fv":0},{"t":32,"fc":5,"bc":0,"rz":0,"fh":0,"fv":0},{"t":32,"fc":5,"bc":0,"rz":0,"fh":0,"fv":0},{"t":32,"fc":5,"bc":0,"rz":0,"fh":0,"fv":0},{"t":32,"fc":5,"bc":0,"rz":0,"fh":0,"fv":0},{"t":32,"fc":5,"bc":0,"rz":0,"fh":0,"fv":0},{"t":32,"fc":5,"bc":0,"rz":0,"fh":0,"fv":0},{"t":32,"fc":5,"bc":0,"rz":0,"fh":0,"fv":0},{"t":225,"fc":5,"bc":0,"rz":0,"fh":0,"fv":0},{"t":109,"fc":5,"bc":0,"rz":0,"fh":0,"fv":0},{"t":114,"fc":5,"bc":0,"rz":0,"fh":0,"fv":0},{"t":45,"fc":5,"bc":0,"rz":0,"fh":0,"fv":0},{"t":45,"fc":5,"bc":0,"rz":0,"fh":0,"fv":0},{"t":45,"fc":5,"bc":0,"rz":0,"fh":0,"fv":0},{"t":45,"fc":5,"bc":0,"rz":0,"fh":0,"fv":0},{"t":214,"fc":5,"bc":0,"rz":0,"fh":0,"fv":0},{"t":32,"fc":5,"bc":0,"rz":0,"fh":0,"fv":0},{"t":32,"fc":5,"bc":0,"rz":0,"fh":0,"fv":0},{"t":32,"fc":5,"bc":0,"rz":0,"fh":0,"fv":0},{"t":32,"fc":5,"bc":0,"rz":0,"fh":0,"fv":0},{"t":32,"fc":5,"bc":0,"rz":0,"fh":0,"fv":0},{"t":32,"fc":5,"bc":0,"rz":0,"fh":0,"fv":0},{"t":32,"fc":5,"bc":0,"rz":0,"fh":0,"fv":0},{"t":32,"fc":5,"bc":0,"rz":0,"fh":0,"fv":0},{"t":233,"fc":5,"bc":0,"rz":0,"fh":0,"fv":0},{"t":77,"fc":5,"bc":0,"rz":0,"fh":0,"fv":0},{"t":32,"fc":5,"bc":0,"rz":0,"fh":0,"fv":0},{"t":32,"fc":5,"bc":0,"rz":0,"fh":0,"fv":0},{"t":32,"fc":5,"bc":0,"rz":0,"fh":0,"fv":0},{"t":32,"fc":5,"bc":0,"rz":0,"fh":0,"fv":0},{"t":32,"fc":5,"bc":0,"rz":0,"fh":0,"fv":0},{"t":32,"fc":5,"bc":0,"rz":0,"fh":0,"fv":0},{"t":32,"fc":5,"bc":0,"rz":0,"fh":0,"fv":0},{"t":32,"fc":5,"bc":0,"rz":0,"fh":0,"fv":0}],[{"t":32,"fc":5,"bc":0,"rz":0,"fh":0,"fv":0},{"t":32,"fc":5,"bc":-1,"rz":0,"fh":0,"fv":0},{"t":32,"fc":5,"bc":-1,"rz":0,"fh":0,"fv":0},{"t":32,"fc":5,"bc":-1,"rz":0,"fh":0,"fv":0},{"t":32,"fc":5,"bc":0,"rz":0,"fh":0,"fv":0},{"t":32,"fc":5,"bc":0,"rz":0,"fh":0,"fv":0},{"t":32,"fc":5,"bc":0,"rz":0,"fh":0,"fv":0},{"t":32,"fc":5,"bc":-1,"rz":0,"fh":0,"fv":0},{"t":32,"fc":5,"bc":-1,"rz":0,"fh":0,"fv":0},{"t":32,"fc":5,"bc":-1,"rz":0,"fh":0,"fv":0},{"t":32,"fc":5,"bc":-1,"rz":0,"fh":0,"fv":0},{"t":32,"fc":5,"bc":0,"rz":0,"fh":0,"fv":0},{"t":32,"fc":5,"bc":0,"rz":0,"fh":0,"fv":0},{"t":32,"fc":5,"bc":0,"rz":0,"fh":0,"fv":0},{"t":124,"fc":5,"bc":0,"rz":0,"fh":0,"fv":0},{"t":113,"fc":5,"bc":0,"rz":0,"fh":0,"fv":0},{"t":110,"fc":5,"bc":0,"rz":0,"fh":0,"fv":0},{"t":32,"fc":5,"bc":0,"rz":0,"fh":0,"fv":0},{"t":32,"fc":5,"bc":0,"rz":0,"fh":0,"fv":0},{"t":32,"fc":5,"bc":0,"rz":0,"fh":0,"fv":0},{"t":32,"fc":5,"bc":0,"rz":0,"fh":0,"fv":0},{"t":32,"fc":5,"bc":0,"rz":0,"fh":0,"fv":0},{"t":32,"fc":5,"bc":0,"rz":0,"fh":0,"fv":0},{"t":32,"fc":5,"bc":0,"rz":0,"fh":0,"fv":0},{"t":32,"fc":5,"bc":0,"rz":0,"fh":0,"fv":0},{"t":32,"fc":5,"bc":0,"rz":0,"fh":0,"fv":0},{"t":32,"fc":5,"bc":0,"rz":0,"fh":0,"fv":0},{"t":32,"fc":5,"bc":0,"rz":0,"fh":0,"fv":0},{"t":32,"fc":5,"bc":0,"rz":0,"fh":0,"fv":0},{"t":32,"fc":5,"bc":0,"rz":0,"fh":0,"fv":0},{"t":77,"fc":5,"bc":0,"rz":0,"fh":0,"fv":0},{"t":105,"fc":5,"bc":0,"rz":0,"fh":0,"fv":0},{"t":32,"fc":5,"bc":0,"rz":0,"fh":0,"fv":0},{"t":32,"fc":5,"bc":0,"rz":0,"fh":0,"fv":0},{"t":32,"fc":5,"bc":0,"rz":0,"fh":0,"fv":0},{"t":32,"fc":5,"bc":0,"rz":0,"fh":0,"fv":0},{"t":32,"fc":5,"bc":0,"rz":0,"fh":0,"fv":0},{"t":32,"fc":5,"bc":0,"rz":0,"fh":0,"fv":0},{"t":32,"fc":5,"bc":0,"rz":0,"fh":0,"fv":0},{"t":32,"fc":5,"bc":0,"rz":0,"fh":0,"fv":0}],[{"t":32,"fc":5,"bc":0,"rz":0,"fh":0,"fv":0},{"t":32,"fc":5,"bc":-1,"rz":0,"fh":0,"fv":0},{"t":32,"fc":5,"bc":-1,"rz":0,"fh":0,"fv":0},{"t":32,"fc":5,"bc":-1,"rz":0,"fh":0,"fv":0},{"t":32,"fc":5,"bc":0,"rz":0,"fh":0,"fv":0},{"t":32,"fc":5,"bc":0,"rz":0,"fh":0,"fv":0},{"t":32,"fc":5,"bc":0,"rz":0,"fh":0,"fv":0},{"t":108,"fc":5,"bc":0,"rz":0,"fh":0,"fv":0},{"t":123,"fc":5,"bc":0,"rz":0,"fh":0,"fv":0},{"t":123,"fc":5,"bc":0,"rz":0,"fh":0,"fv":0},{"t":32,"fc":5,"bc":0,"rz":0,"fh":0,"fv":0},{"t":32,"fc":5,"bc":0,"rz":0,"fh":0,"fv":0},{"t":32,"fc":5,"bc":0,"rz":0,"fh":0,"fv":0},{"t":32,"fc":5,"bc":0,"rz":0,"fh":0,"fv":0},{"t":32,"fc":5,"bc":0,"rz":0,"fh":0,"fv":0},{"t":92,"fc":5,"bc":0,"rz":0,"fh":0,"fv":0},{"t":109,"fc":5,"bc":0,"rz":0,"fh":0,"fv":0},{"t":32,"fc":5,"bc":0,"rz":0,"fh":0,"fv":0},{"t":32,"fc":5,"bc":0,"rz":0,"fh":0,"fv":0},{"t":32,"fc":5,"bc":0,"rz":0,"fh":0,"fv":0},{"t":32,"fc":5,"bc":0,"rz":0,"fh":0,"fv":0},{"t":32,"fc":5,"bc":0,"rz":0,"fh":0,"fv":0},{"t":32,"fc":5,"bc":-1,"rz":0,"fh":0,"fv":0},{"t":32,"fc":5,"bc":-1,"rz":0,"fh":0,"fv":0},{"t":32,"fc":5,"bc":-1,"rz":0,"fh":0,"fv":0},{"t":32,"fc":5,"bc":-1,"rz":0,"fh":0,"fv":0},{"t":32,"fc":5,"bc":0,"rz":0,"fh":0,"fv":0},{"t":32,"fc":5,"bc":0,"rz":0,"fh":0,"fv":0},{"t":32,"fc":5,"bc":0,"rz":0,"fh":0,"fv":0},{"t":232,"fc":5,"bc":0,"rz":0,"fh":0,"fv":0},{"t":232,"fc":5,"bc":0,"rz":0,"fh":0,"fv":0},{"t":232,"fc":5,"bc":0,"rz":0,"fh":0,"fv":0},{"t":232,"fc":5,"bc":0,"rz":0,"fh":0,"fv":0},{"t":232,"fc":5,"bc":0,"rz":0,"fh":0,"fv":0},{"t":232,"fc":5,"bc":0,"rz":0,"fh":0,"fv":0},{"t":32,"fc":5,"bc":0,"rz":0,"fh":0,"fv":0},{"t":32,"fc":5,"bc":0,"rz":0,"fh":0,"fv":0},{"t":32,"fc":5,"bc":0,"rz":0,"fh":0,"fv":0},{"t":32,"fc":5,"bc":0,"rz":0,"fh":0,"fv":0},{"t":32,"fc":5,"bc":0,"rz":0,"fh":0,"fv":0}],[{"t":32,"fc":5,"bc":0,"rz":0,"fh":0,"fv":0},{"t":32,"fc":5,"bc":-1,"rz":0,"fh":0,"fv":0},{"t":32,"fc":5,"bc":-1,"rz":0,"fh":0,"fv":0},{"t":32,"fc":5,"bc":-1,"rz":0,"fh":0,"fv":0},{"t":32,"fc":5,"bc":0,"rz":0,"fh":0,"fv":0},{"t":32,"fc":5,"bc":0,"rz":0,"fh":0,"fv":0},{"t":32,"fc":5,"bc":0,"rz":0,"fh":0,"fv":0},{"t":240,"fc":5,"bc":0,"rz":0,"fh":0,"fv":0},{"t":192,"fc":5,"bc":0,"rz":0,"fh":0,"fv":0},{"t":238,"fc":5,"bc":0,"rz":0,"fh":0,"fv":0},{"t":32,"fc":5,"bc":0,"rz":0,"fh":0,"fv":0},{"t":32,"fc":5,"bc":0,"rz":0,"fh":0,"fv":0},{"t":32,"fc":5,"bc":0,"rz":0,"fh":0,"fv":0},{"t":32,"fc":5,"bc":0,"rz":0,"fh":0,"fv":0},{"t":32,"fc":5,"bc":0,"rz":0,"fh":0,"fv":0},{"t":32,"fc":5,"bc":0,"rz":0,"fh":0,"fv":0},{"t":32,"fc":5,"bc":0,"rz":0,"fh":0,"fv":0},{"t":32,"fc":5,"bc":-1,"rz":0,"fh":0,"fv":0},{"t":32,"fc":5,"bc":-1,"rz":0,"fh":0,"fv":0},{"t":32,"fc":5,"bc":-1,"rz":0,"fh":0,"fv":0},{"t":32,"fc":5,"bc":-1,"rz":0,"fh":0,"fv":0},{"t":32,"fc":5,"bc":-1,"rz":0,"fh":0,"fv":0},{"t":32,"fc":5,"bc":-1,"rz":0,"fh":0,"fv":0},{"t":32,"fc":5,"bc":-1,"rz":0,"fh":0,"fv":0},{"t":32,"fc":5,"bc":-1,"rz":0,"fh":0,"fv":0},{"t":32,"fc":5,"bc":-1,"rz":0,"fh":0,"fv":0},{"t":32,"fc":5,"bc":0,"rz":0,"fh":0,"fv":0},{"t":32,"fc":5,"bc":0,"rz":0,"fh":0,"fv":0},{"t":32,"fc":5,"bc":0,"rz":0,"fh":0,"fv":0},{"t":32,"fc":5,"bc":0,"rz":0,"fh":0,"fv":0},{"t":32,"fc":5,"bc":0,"rz":0,"fh":0,"fv":0},{"t":32,"fc":5,"bc":0,"rz":0,"fh":0,"fv":0},{"t":32,"fc":5,"bc":0,"rz":0,"fh":0,"fv":0},{"t":32,"fc":5,"bc":0,"rz":0,"fh":0,"fv":0},{"t":32,"fc":5,"bc":0,"rz":0,"fh":0,"fv":0},{"t":32,"fc":5,"bc":0,"rz":0,"fh":0,"fv":0},{"t":32,"fc":5,"bc":0,"rz":0,"fh":0,"fv":0},{"t":32,"fc":5,"bc":0,"rz":0,"fh":0,"fv":0},{"t":32,"fc":5,"bc":0,"rz":0,"fh":0,"fv":0},{"t":32,"fc":5,"bc":0,"rz":0,"fh":0,"fv":0}],[{"t":32,"fc":5,"bc":0,"rz":0,"fh":0,"fv":0},{"t":32,"fc":5,"bc":-1,"rz":0,"fh":0,"fv":0},{"t":32,"fc":5,"bc":-1,"rz":0,"fh":0,"fv":0},{"t":32,"fc":5,"bc":-1,"rz":0,"fh":0,"fv":0},{"t":32,"fc":5,"bc":0,"rz":0,"fh":0,"fv":0},{"t":32,"fc":5,"bc":0,"rz":0,"fh":0,"fv":0},{"t":32,"fc":5,"bc":0,"rz":0,"fh":0,"fv":0},{"t":237,"fc":5,"bc":0,"rz":0,"fh":0,"fv":0},{"t":192,"fc":5,"bc":0,"rz":0,"fh":0,"fv":0},{"t":253,"fc":5,"bc":0,"rz":0,"fh":0,"fv":0},{"t":32,"fc":5,"bc":0,"rz":0,"fh":0,"fv":0},{"t":32,"fc":5,"bc":0,"rz":0,"fh":0,"fv":0},{"t":32,"fc":5,"bc":0,"rz":0,"fh":0,"fv":0},{"t":32,"fc":5,"bc":0,"rz":0,"fh":0,"fv":0},{"t":32,"fc":5,"bc":0,"rz":0,"fh":0,"fv":0},{"t":32,"fc":5,"bc":0,"rz":0,"fh":0,"fv":0},{"t":32,"fc":5,"bc":0,"rz":0,"fh":0,"fv":0},{"t":32,"fc":5,"bc":-1,"rz":0,"fh":0,"fv":0},{"t":32,"fc":5,"bc":-1,"rz":0,"fh":0,"fv":0},{"t":32,"fc":5,"bc":-1,"rz":0,"fh":0,"fv":0},{"t":108,"fc":5,"bc":0,"rz":0,"fh":0,"fv":0},{"t":81,"fc":5,"bc":0,"rz":0,"fh":0,"fv":0},{"t":32,"fc":5,"bc":0,"rz":0,"fh":0,"fv":0},{"t":32,"fc":5,"bc":0,"rz":0,"fh":0,"fv":0},{"t":32,"fc":5,"bc":0,"rz":0,"fh":0,"fv":0},{"t":32,"fc":5,"bc":0,"rz":0,"fh":0,"fv":0},{"t":32,"fc":5,"bc":0,"rz":0,"fh":0,"fv":0},{"t":32,"fc":5,"bc":0,"rz":0,"fh":0,"fv":0},{"t":32,"fc":5,"bc":0,"rz":0,"fh":0,"fv":0},{"t":32,"fc":5,"bc":0,"rz":0,"fh":0,"fv":0},{"t":32,"fc":5,"bc":0,"rz":0,"fh":0,"fv":0},{"t":32,"fc":5,"bc":0,"rz":0,"fh":0,"fv":0},{"t":32,"fc":5,"bc":0,"rz":0,"fh":0,"fv":0},{"t":32,"fc":5,"bc":0,"rz":0,"fh":0,"fv":0},{"t":32,"fc":5,"bc":0,"rz":0,"fh":0,"fv":0},{"t":32,"fc":5,"bc":0,"rz":0,"fh":0,"fv":0},{"t":32,"fc":5,"bc":0,"rz":0,"fh":0,"fv":0},{"t":32,"fc":5,"bc":0,"rz":0,"fh":0,"fv":0},{"t":32,"fc":5,"bc":0,"rz":0,"fh":0,"fv":0},{"t":32,"fc":5,"bc":0,"rz":0,"fh":0,"fv":0}],[{"t":32,"fc":5,"bc":0,"rz":0,"fh":0,"fv":0},{"t":32,"fc":5,"bc":-1,"rz":0,"fh":0,"fv":0},{"t":32,"fc":5,"bc":-1,"rz":0,"fh":0,"fv":0},{"t":32,"fc":5,"bc":-1,"rz":0,"fh":0,"fv":0},{"t":32,"fc":5,"bc":0,"rz":0,"fh":0,"fv":0},{"t":232,"fc":5,"bc":0,"rz":0,"fh":0,"fv":0},{"t":232,"fc":5,"bc":0,"rz":0,"fh":0,"fv":0},{"t":232,"fc":5,"bc":0,"rz":0,"fh":0,"fv":0},{"t":232,"fc":5,"bc":0,"rz":0,"fh":0,"fv":0},{"t":232,"fc":5,"bc":0,"rz":0,"fh":0,"fv":0},{"t":232,"fc":5,"bc":0,"rz":0,"fh":0,"fv":0},{"t":232,"fc":5,"bc":0,"rz":0,"fh":0,"fv":0},{"t":32,"fc":5,"bc":0,"rz":0,"fh":0,"fv":0},{"t":32,"fc":5,"bc":0,"rz":0,"fh":0,"fv":0},{"t":32,"fc":5,"bc":0,"rz":0,"fh":0,"fv":0},{"t":32,"fc":5,"bc":0,"rz":0,"fh":0,"fv":0},{"t":32,"fc":5,"bc":0,"rz":0,"fh":0,"fv":0},{"t":32,"fc":5,"bc":-1,"rz":0,"fh":0,"fv":0},{"t":32,"fc":5,"bc":-1,"rz":0,"fh":0,"fv":0},{"t":32,"fc":5,"bc":-1,"rz":0,"fh":0,"fv":0},{"t":225,"fc":5,"bc":0,"rz":0,"fh":0,"fv":0},{"t":109,"fc":5,"bc":0,"rz":0,"fh":0,"fv":0},{"t":114,"fc":5,"bc":0,"rz":0,"fh":0,"fv":0},{"t":45,"fc":5,"bc":0,"rz":0,"fh":0,"fv":0},{"t":45,"fc":5,"bc":0,"rz":0,"fh":0,"fv":0},{"t":45,"fc":5,"bc":0,"rz":0,"fh":0,"fv":0},{"t":45,"fc":5,"bc":0,"rz":0,"fh":0,"fv":0},{"t":214,"fc":5,"bc":0,"rz":0,"fh":0,"fv":0},{"t":32,"fc":5,"bc":0,"rz":0,"fh":0,"fv":0},{"t":32,"fc":5,"bc":0,"rz":0,"fh":0,"fv":0},{"t":32,"fc":5,"bc":0,"rz":0,"fh":0,"fv":0},{"t":32,"fc":5,"bc":0,"rz":0,"fh":0,"fv":0},{"t":32,"fc":5,"bc":0,"rz":0,"fh":0,"fv":0},{"t":32,"fc":5,"bc":0,"rz":0,"fh":0,"fv":0},{"t":32,"fc":5,"bc":0,"rz":0,"fh":0,"fv":0},{"t":32,"fc":5,"bc":0,"rz":0,"fh":0,"fv":0},{"t":32,"fc":5,"bc":0,"rz":0,"fh":0,"fv":0},{"t":32,"fc":5,"bc":0,"rz":0,"fh":0,"fv":0},{"t":32,"fc":5,"bc":0,"rz":0,"fh":0,"fv":0},{"t":32,"fc":5,"bc":0,"rz":0,"fh":0,"fv":0}],[{"t":32,"fc":5,"bc":0,"rz":0,"fh":0,"fv":0},{"t":32,"fc":5,"bc":-1,"rz":0,"fh":0,"fv":0},{"t":32,"fc":5,"bc":-1,"rz":0,"fh":0,"fv":0},{"t":32,"fc":5,"bc":-1,"rz":0,"fh":0,"fv":0},{"t":32,"fc":5,"bc":0,"rz":0,"fh":0,"fv":0},{"t":32,"fc":5,"bc":0,"rz":0,"fh":0,"fv":0},{"t":32,"fc":5,"bc":0,"rz":0,"fh":0,"fv":0},{"t":32,"fc":5,"bc":0,"rz":0,"fh":0,"fv":0},{"t":32,"fc":5,"bc":0,"rz":0,"fh":0,"fv":0},{"t":32,"fc":5,"bc":0,"rz":0,"fh":0,"fv":0},{"t":32,"fc":5,"bc":0,"rz":0,"fh":0,"fv":0},{"t":32,"fc":5,"bc":0,"rz":0,"fh":0,"fv":0},{"t":32,"fc":5,"bc":0,"rz":0,"fh":0,"fv":0},{"t":32,"fc":5,"bc":0,"rz":0,"fh":0,"fv":0},{"t":32,"fc":5,"bc":0,"rz":0,"fh":0,"fv":0},{"t":32,"fc":5,"bc":0,"rz":0,"fh":0,"fv":0},{"t":32,"fc":5,"bc":0,"rz":0,"fh":0,"fv":0},{"t":32,"fc":5,"bc":-1,"rz":0,"fh":0,"fv":0},{"t":32,"fc":5,"bc":-1,"rz":0,"fh":0,"fv":0},{"t":32,"fc":5,"bc":-1,"rz":0,"fh":0,"fv":0},{"t":124,"fc":5,"bc":0,"rz":0,"fh":0,"fv":0},{"t":115,"fc":5,"bc":0,"rz":0,"fh":0,"fv":0},{"t":32,"fc":5,"bc":0,"rz":0,"fh":0,"fv":0},{"t":32,"fc":5,"bc":0,"rz":0,"fh":0,"fv":0},{"t":32,"fc":5,"bc":0,"rz":0,"fh":0,"fv":0},{"t":32,"fc":5,"bc":0,"rz":0,"fh":0,"fv":0},{"t":32,"fc":5,"bc":0,"rz":0,"fh":0,"fv":0},{"t":32,"fc":5,"bc":0,"rz":0,"fh":0,"fv":0},{"t":32,"fc":5,"bc":0,"rz":0,"fh":0,"fv":0},{"t":98,"fc":5,"bc":0,"rz":0,"fh":0,"fv":0},{"t":248,"fc":5,"bc":0,"rz":0,"fh":0,"fv":0},{"t":98,"fc":5,"bc":0,"rz":0,"fh":0,"fv":0},{"t":32,"fc":5,"bc":0,"rz":0,"fh":0,"fv":0},{"t":32,"fc":5,"bc":0,"rz":0,"fh":0,"fv":0},{"t":32,"fc":5,"bc":0,"rz":0,"fh":0,"fv":0},{"t":32,"fc":5,"bc":0,"rz":0,"fh":0,"fv":0},{"t":32,"fc":5,"bc":0,"rz":0,"fh":0,"fv":0},{"t":32,"fc":5,"bc":0,"rz":0,"fh":0,"fv":0},{"t":32,"fc":5,"bc":0,"rz":0,"fh":0,"fv":0},{"t":32,"fc":5,"bc":0,"rz":0,"fh":0,"fv":0}],[{"t":32,"fc":5,"bc":0,"rz":0,"fh":0,"fv":0},{"t":32,"fc":5,"bc":-1,"rz":0,"fh":0,"fv":0},{"t":32,"fc":5,"bc":-1,"rz":0,"fh":0,"fv":0},{"t":32,"fc":5,"bc":-1,"rz":0,"fh":0,"fv":0},{"t":32,"fc":5,"bc":0,"rz":0,"fh":0,"fv":0},{"t":32,"fc":5,"bc":0,"rz":0,"fh":0,"fv":0},{"t":32,"fc":5,"bc":0,"rz":0,"fh":0,"fv":0},{"t":32,"fc":5,"bc":0,"rz":0,"fh":0,"fv":0},{"t":32,"fc":5,"bc":0,"rz":0,"fh":0,"fv":0},{"t":32,"fc":5,"bc":0,"rz":0,"fh":0,"fv":0},{"t":32,"fc":5,"bc":0,"rz":0,"fh":0,"fv":0},{"t":32,"fc":5,"bc":0,"rz":0,"fh":0,"fv":0},{"t":32,"fc":5,"bc":0,"rz":0,"fh":0,"fv":0},{"t":32,"fc":5,"bc":0,"rz":0,"fh":0,"fv":0},{"t":32,"fc":5,"bc":0,"rz":0,"fh":0,"fv":0},{"t":32,"fc":5,"bc":0,"rz":0,"fh":0,"fv":0},{"t":32,"fc":5,"bc":0,"rz":0,"fh":0,"fv":0},{"t":32,"fc":5,"bc":0,"rz":0,"fh":0,"fv":0},{"t":32,"fc":5,"bc":0,"rz":0,"fh":0,"fv":0},{"t":32,"fc":5,"bc":0,"rz":0,"fh":0,"fv":0},{"t":32,"fc":5,"bc":0,"rz":0,"fh":0,"fv":0},{"t":109,"fc":5,"bc":0,"rz":0,"fh":0,"fv":0},{"t":32,"fc":5,"bc":0,"rz":0,"fh":0,"fv":0},{"t":32,"fc":5,"bc":0,"rz":0,"fh":0,"fv":0},{"t":32,"fc":5,"bc":0,"rz":0,"fh":0,"fv":0},{"t":32,"fc":5,"bc":0,"rz":0,"fh":0,"fv":0},{"t":32,"fc":5,"bc":0,"rz":0,"fh":0,"fv":0},{"t":32,"fc":5,"bc":0,"rz":0,"fh":0,"fv":0},{"t":225,"fc":5,"bc":0,"rz":0,"fh":0,"fv":0},{"t":215,"fc":5,"bc":0,"rz":0,"fh":0,"fv":0},{"t":198,"fc":5,"bc":0,"rz":0,"fh":0,"fv":0},{"t":215,"fc":5,"bc":0,"rz":0,"fh":0,"fv":0},{"t":97,"fc":5,"bc":0,"rz":0,"fh":0,"fv":0},{"t":32,"fc":5,"bc":0,"rz":0,"fh":0,"fv":0},{"t":32,"fc":5,"bc":0,"rz":0,"fh":0,"fv":0},{"t":32,"fc":5,"bc":0,"rz":0,"fh":0,"fv":0},{"t":32,"fc":5,"bc":0,"rz":0,"fh":0,"fv":0},{"t":32,"fc":5,"bc":0,"rz":0,"fh":0,"fv":0},{"t":32,"fc":5,"bc":0,"rz":0,"fh":0,"fv":0},{"t":32,"fc":5,"bc":0,"rz":0,"fh":0,"fv":0}],[{"t":32,"fc":5,"bc":0,"rz":0,"fh":0,"fv":0},{"t":32,"fc":5,"bc":-1,"rz":0,"fh":0,"fv":0},{"t":32,"fc":5,"bc":-1,"rz":0,"fh":0,"fv":0},{"t":32,"fc":5,"bc":-1,"rz":0,"fh":0,"fv":0},{"t":32,"fc":5,"bc":0,"rz":0,"fh":0,"fv":0},{"t":32,"fc":5,"bc":0,"rz":0,"fh":0,"fv":0},{"t":32,"fc":5,"bc":0,"rz":0,"fh":0,"fv":0},{"t":32,"fc":5,"bc":0,"rz":0,"fh":0,"fv":0},{"t":32,"fc":5,"bc":0,"rz":0,"fh":0,"fv":0},{"t":32,"fc":5,"bc":0,"rz":0,"fh":0,"fv":0},{"t":32,"fc":5,"bc":0,"rz":0,"fh":0,"fv":0},{"t":32,"fc":5,"bc":0,"rz":0,"fh":0,"fv":0},{"t":32,"fc":5,"bc":0,"rz":0,"fh":0,"fv":0},{"t":32,"fc":5,"bc":0,"rz":0,"fh":0,"fv":0},{"t":32,"fc":5,"bc":0,"rz":0,"fh":0,"fv":0},{"t":32,"fc":5,"bc":0,"rz":0,"fh":0,"fv":0},{"t":32,"fc":5,"bc":0,"rz":0,"fh":0,"fv":0},{"t":32,"fc":5,"bc":0,"rz":0,"fh":0,"fv":0},{"t":32,"fc":5,"bc":0,"rz":0,"fh":0,"fv":0},{"t":232,"fc":5,"bc":0,"rz":0,"fh":0,"fv":0},{"t":232,"fc":5,"bc":0,"rz":0,"fh":0,"fv":0},{"t":232,"fc":5,"bc":0,"rz":0,"fh":0,"fv":0},{"t":232,"fc":5,"bc":0,"rz":0,"fh":0,"fv":0},{"t":232,"fc":5,"bc":0,"rz":0,"fh":0,"fv":0},{"t":232,"fc":5,"bc":0,"rz":0,"fh":0,"fv":0},{"t":32,"fc":5,"bc":0,"rz":0,"fh":0,"fv":0},{"t":32,"fc":5,"bc":0,"rz":0,"fh":0,"fv":0},{"t":32,"fc":5,"bc":0,"rz":0,"fh":0,"fv":0},{"t":32,"fc":5,"bc":0,"rz":0,"fh":0,"fv":0},{"t":226,"fc":5,"bc":0,"rz":0,"fh":0,"fv":0},{"t":239,"fc":5,"bc":0,"rz":0,"fh":0,"fv":0},{"t":226,"fc":5,"bc":0,"rz":0,"fh":0,"fv":0},{"t":32,"fc":5,"bc":0,"rz":0,"fh":0,"fv":0},{"t":32,"fc":5,"bc":0,"rz":0,"fh":0,"fv":0},{"t":32,"fc":5,"bc":0,"rz":0,"fh":0,"fv":0},{"t":32,"fc":5,"bc":0,"rz":0,"fh":0,"fv":0},{"t":32,"fc":5,"bc":0,"rz":0,"fh":0,"fv":0},{"t":32,"fc":5,"bc":0,"rz":0,"fh":0,"fv":0},{"t":32,"fc":5,"bc":0,"rz":0,"fh":0,"fv":0},{"t":32,"fc":5,"bc":0,"rz":0,"fh":0,"fv":0}],[{"t":32,"fc":5,"bc":0,"rz":0,"fh":0,"fv":0},{"t":32,"fc":5,"bc":-1,"rz":0,"fh":0,"fv":0},{"t":32,"fc":5,"bc":-1,"rz":0,"fh":0,"fv":0},{"t":32,"fc":5,"bc":-1,"rz":0,"fh":0,"fv":0},{"t":32,"fc":5,"bc":0,"rz":0,"fh":0,"fv":0},{"t":32,"fc":5,"bc":0,"rz":0,"fh":0,"fv":0},{"t":32,"fc":5,"bc":0,"rz":0,"fh":0,"fv":0},{"t":32,"fc":5,"bc":0,"rz":0,"fh":0,"fv":0},{"t":32,"fc":5,"bc":0,"rz":0,"fh":0,"fv":0},{"t":32,"fc":5,"bc":0,"rz":0,"fh":0,"fv":0},{"t":32,"fc":5,"bc":0,"rz":0,"fh":0,"fv":0},{"t":32,"fc":5,"bc":0,"rz":0,"fh":0,"fv":0},{"t":32,"fc":5,"bc":0,"rz":0,"fh":0,"fv":0},{"t":32,"fc":5,"bc":0,"rz":0,"fh":0,"fv":0},{"t":32,"fc":5,"bc":0,"rz":0,"fh":0,"fv":0},{"t":32,"fc":5,"bc":0,"rz":0,"fh":0,"fv":0},{"t":32,"fc":5,"bc":0,"rz":0,"fh":0,"fv":0},{"t":32,"fc":5,"bc":0,"rz":0,"fh":0,"fv":0},{"t":32,"fc":5,"bc":0,"rz":0,"fh":0,"fv":0},{"t":32,"fc":5,"bc":0,"rz":0,"fh":0,"fv":0},{"t":32,"fc":5,"bc":0,"rz":0,"fh":0,"fv":0},{"t":32,"fc":5,"bc":0,"rz":0,"fh":0,"fv":0},{"t":32,"fc":5,"bc":0,"rz":0,"fh":0,"fv":0},{"t":32,"fc":5,"bc":0,"rz":0,"fh":0,"fv":0},{"t":32,"fc":5,"bc":0,"rz":0,"fh":0,"fv":0},{"t":32,"fc":5,"bc":0,"rz":0,"fh":0,"fv":0},{"t":32,"fc":5,"bc":0,"rz":0,"fh":0,"fv":0},{"t":32,"fc":5,"bc":0,"rz":0,"fh":0,"fv":0},{"t":32,"fc":5,"bc":0,"rz":0,"fh":0,"fv":0},{"t":32,"fc":5,"bc":0,"rz":0,"fh":0,"fv":0},{"t":32,"fc":5,"bc":0,"rz":0,"fh":0,"fv":0},{"t":32,"fc":5,"bc":0,"rz":0,"fh":0,"fv":0},{"t":32,"fc":5,"bc":0,"rz":0,"fh":0,"fv":0},{"t":32,"fc":5,"bc":0,"rz":0,"fh":0,"fv":0},{"t":32,"fc":5,"bc":0,"rz":0,"fh":0,"fv":0},{"t":233,"fc":5,"bc":0,"rz":0,"fh":0,"fv":0},{"t":223,"fc":5,"bc":0,"rz":0,"fh":0,"fv":0},{"t":32,"fc":5,"bc":0,"rz":0,"fh":0,"fv":0},{"t":32,"fc":5,"bc":0,"rz":0,"fh":0,"fv":0},{"t":32,"fc":5,"bc":0,"rz":0,"fh":0,"fv":0}],[{"t":32,"fc":5,"bc":0,"rz":0,"fh":0,"fv":0},{"t":32,"fc":5,"bc":-1,"rz":0,"fh":0,"fv":0},{"t":32,"fc":5,"bc":-1,"rz":0,"fh":0,"fv":0},{"t":32,"fc":5,"bc":-1,"rz":0,"fh":0,"fv":0},{"t":32,"fc":5,"bc":0,"rz":0,"fh":0,"fv":0},{"t":32,"fc":5,"bc":0,"rz":0,"fh":0,"fv":0},{"t":233,"fc":5,"bc":0,"rz":0,"fh":0,"fv":0},{"t":218,"fc":5,"bc":0,"rz":0,"fh":0,"fv":0},{"t":218,"fc":5,"bc":0,"rz":0,"fh":0,"fv":0},{"t":223,"fc":5,"bc":0,"rz":0,"fh":0,"fv":0},{"t":32,"fc":5,"bc":0,"rz":0,"fh":0,"fv":0},{"t":32,"fc":5,"bc":0,"rz":0,"fh":0,"fv":0},{"t":32,"fc":5,"bc":0,"rz":0,"fh":0,"fv":0},{"t":32,"fc":5,"bc":0,"rz":0,"fh":0,"fv":0},{"t":32,"fc":5,"bc":0,"rz":0,"fh":0,"fv":0},{"t":32,"fc":5,"bc":0,"rz":0,"fh":0,"fv":0},{"t":32,"fc":5,"bc":0,"rz":0,"fh":0,"fv":0},{"t":32,"fc":5,"bc":0,"rz":0,"fh":0,"fv":0},{"t":32,"fc":5,"bc":0,"rz":0,"fh":0,"fv":0},{"t":32,"fc":5,"bc":0,"rz":0,"fh":0,"fv":0},{"t":32,"fc":5,"bc":0,"rz":0,"fh":0,"fv":0},{"t":32,"fc":5,"bc":0,"rz":0,"fh":0,"fv":0},{"t":32,"fc":5,"bc":0,"rz":0,"fh":0,"fv":0},{"t":32,"fc":5,"bc":0,"rz":0,"fh":0,"fv":0},{"t":32,"fc":5,"bc":0,"rz":0,"fh":0,"fv":0},{"t":32,"fc":5,"bc":0,"rz":0,"fh":0,"fv":0},{"t":32,"fc":5,"bc":0,"rz":0,"fh":0,"fv":0},{"t":32,"fc":5,"bc":0,"rz":0,"fh":0,"fv":0},{"t":32,"fc":5,"bc":0,"rz":0,"fh":0,"fv":0},{"t":32,"fc":5,"bc":0,"rz":0,"fh":0,"fv":0},{"t":32,"fc":5,"bc":0,"rz":0,"fh":0,"fv":0},{"t":32,"fc":5,"bc":0,"rz":0,"fh":0,"fv":0},{"t":32,"fc":5,"bc":0,"rz":0,"fh":0,"fv":0},{"t":32,"fc":5,"bc":0,"rz":0,"fh":0,"fv":0},{"t":32,"fc":5,"bc":0,"rz":0,"fh":0,"fv":0},{"t":213,"fc":5,"bc":0,"rz":0,"fh":0,"fv":0},{"t":201,"fc":5,"bc":0,"rz":0,"fh":0,"fv":0},{"t":32,"fc":5,"bc":0,"rz":0,"fh":0,"fv":0},{"t":32,"fc":5,"bc":0,"rz":0,"fh":0,"fv":0},{"t":32,"fc":5,"bc":0,"rz":0,"fh":0,"fv":0}],[{"t":32,"fc":5,"bc":0,"rz":0,"fh":0,"fv":0},{"t":32,"fc":5,"bc":-1,"rz":0,"fh":0,"fv":0},{"t":32,"fc":5,"bc":-1,"rz":0,"fh":0,"fv":0},{"t":32,"fc":5,"bc":-1,"rz":0,"fh":0,"fv":0},{"t":32,"fc":5,"bc":0,"rz":0,"fh":0,"fv":0},{"t":32,"fc":5,"bc":0,"rz":0,"fh":0,"fv":0},{"t":95,"fc":5,"bc":0,"rz":0,"fh":0,"fv":0},{"t":218,"fc":5,"bc":0,"rz":0,"fh":0,"fv":0},{"t":218,"fc":5,"bc":0,"rz":0,"fh":0,"fv":0},{"t":105,"fc":5,"bc":0,"rz":0,"fh":0,"fv":0},{"t":32,"fc":5,"bc":0,"rz":0,"fh":0,"fv":0},{"t":32,"fc":5,"bc":0,"rz":0,"fh":0,"fv":0},{"t":32,"fc":5,"bc":0,"rz":0,"fh":0,"fv":0},{"t":32,"fc":5,"bc":0,"rz":0,"fh":0,"fv":0},{"t":32,"fc":5,"bc":0,"rz":0,"fh":0,"fv":0},{"t":32,"fc":5,"bc":0,"rz":0,"fh":0,"fv":0},{"t":32,"fc":5,"bc":0,"rz":0,"fh":0,"fv":0},{"t":32,"fc":5,"bc":0,"rz":0,"fh":0,"fv":0},{"t":32,"fc":5,"bc":0,"rz":0,"fh":0,"fv":0},{"t":32,"fc":5,"bc":0,"rz":0,"fh":0,"fv":0},{"t":32,"fc":5,"bc":0,"rz":0,"fh":0,"fv":0},{"t":32,"fc":5,"bc":0,"rz":0,"fh":0,"fv":0},{"t":32,"fc":5,"bc":0,"rz":0,"fh":0,"fv":0},{"t":32,"fc":5,"bc":0,"rz":0,"fh":0,"fv":0},{"t":32,"fc":5,"bc":0,"rz":0,"fh":0,"fv":0},{"t":32,"fc":5,"bc":0,"rz":0,"fh":0,"fv":0},{"t":32,"fc":5,"bc":0,"rz":0,"fh":0,"fv":0},{"t":32,"fc":5,"bc":0,"rz":0,"fh":0,"fv":0},{"t":32,"fc":5,"bc":0,"rz":0,"fh":0,"fv":0},{"t":32,"fc":5,"bc":0,"rz":0,"fh":0,"fv":0},{"t":32,"fc":5,"bc":0,"rz":0,"fh":0,"fv":0},{"t":32,"fc":5,"bc":0,"rz":0,"fh":0,"fv":0},{"t":32,"fc":5,"bc":0,"rz":0,"fh":0,"fv":0},{"t":32,"fc":5,"bc":0,"rz":0,"fh":0,"fv":0},{"t":32,"fc":5,"bc":0,"rz":0,"fh":0,"fv":0},{"t":202,"fc":5,"bc":0,"rz":0,"fh":0,"fv":0},{"t":203,"fc":5,"bc":0,"rz":0,"fh":0,"fv":0},{"t":32,"fc":5,"bc":0,"rz":0,"fh":0,"fv":0},{"t":32,"fc":5,"bc":0,"rz":0,"fh":0,"fv":0},{"t":32,"fc":5,"bc":0,"rz":0,"fh":0,"fv":0}],[{"t":32,"fc":5,"bc":0,"rz":0,"fh":0,"fv":0},{"t":32,"fc":5,"bc":-1,"rz":0,"fh":0,"fv":0},{"t":32,"fc":5,"bc":-1,"rz":0,"fh":0,"fv":0},{"t":32,"fc":5,"bc":-1,"rz":0,"fh":0,"fv":0},{"t":32,"fc":5,"bc":0,"rz":0,"fh":0,"fv":0},{"t":32,"fc":5,"bc":0,"rz":0,"fh":0,"fv":0},{"t":32,"fc":5,"bc":0,"rz":0,"fh":0,"fv":0},{"t":32,"fc":5,"bc":0,"rz":0,"fh":0,"fv":0},{"t":32,"fc":5,"bc":0,"rz":0,"fh":0,"fv":0},{"t":32,"fc":5,"bc":0,"rz":0,"fh":0,"fv":0},{"t":32,"fc":5,"bc":0,"rz":0,"fh":0,"fv":0},{"t":32,"fc":5,"bc":0,"rz":0,"fh":0,"fv":0},{"t":32,"fc":5,"bc":0,"rz":0,"fh":0,"fv":0},{"t":85,"fc":5,"bc":0,"rz":0,"fh":0,"fv":0},{"t":198,"fc":5,"bc":0,"rz":0,"fh":0,"fv":0},{"t":198,"fc":5,"bc":0,"rz":0,"fh":0,"fv":0},{"t":32,"fc":5,"bc":0,"rz":0,"fh":0,"fv":0},{"t":32,"fc":5,"bc":0,"rz":0,"fh":0,"fv":0},{"t":32,"fc":5,"bc":0,"rz":0,"fh":0,"fv":0},{"t":32,"fc":5,"bc":0,"rz":0,"fh":0,"fv":0},{"t":198,"fc":5,"bc":0,"rz":0,"fh":0,"fv":0},{"t":198,"fc":5,"bc":0,"rz":0,"fh":0,"fv":0},{"t":73,"fc":5,"bc":0,"rz":0,"fh":0,"fv":0},{"t":32,"fc":5,"bc":0,"rz":0,"fh":0,"fv":0},{"t":32,"fc":5,"bc":0,"rz":0,"fh":0,"fv":0},{"t":32,"fc":5,"bc":0,"rz":0,"fh":0,"fv":0},{"t":32,"fc":5,"bc":0,"rz":0,"fh":0,"fv":0},{"t":32,"fc":5,"bc":0,"rz":0,"fh":0,"fv":0},{"t":32,"fc":5,"bc":0,"rz":0,"fh":0,"fv":0},{"t":32,"fc":5,"bc":0,"rz":0,"fh":0,"fv":0},{"t":32,"fc":5,"bc":0,"rz":0,"fh":0,"fv":0},{"t":32,"fc":5,"bc":0,"rz":0,"fh":0,"fv":0},{"t":32,"fc":5,"bc":0,"rz":0,"fh":0,"fv":0},{"t":32,"fc":5,"bc":0,"rz":0,"fh":0,"fv":0},{"t":32,"fc":5,"bc":0,"rz":0,"fh":0,"fv":0},{"t":221,"fc":5,"bc":0,"rz":0,"fh":0,"fv":0},{"t":149,"fc":5,"bc":0,"rz":0,"fh":0,"fv":0},{"t":32,"fc":5,"bc":0,"rz":0,"fh":0,"fv":0},{"t":32,"fc":5,"bc":0,"rz":0,"fh":0,"fv":0},{"t":32,"fc":5,"bc":0,"rz":0,"fh":0,"fv":0}],[{"t":32,"fc":5,"bc":0,"rz":0,"fh":0,"fv":0},{"t":32,"fc":5,"bc":-1,"rz":0,"fh":0,"fv":0},{"t":85,"fc":5,"bc":0,"rz":0,"fh":0,"fv":0},{"t":68,"fc":5,"bc":0,"rz":0,"fh":0,"fv":0},{"t":73,"fc":5,"bc":0,"rz":0,"fh":0,"fv":0},{"t":32,"fc":5,"bc":0,"rz":0,"fh":0,"fv":0},{"t":32,"fc":5,"bc":0,"rz":0,"fh":0,"fv":0},{"t":32,"fc":5,"bc":0,"rz":0,"fh":0,"fv":0},{"t":32,"fc":5,"bc":0,"rz":0,"fh":0,"fv":0},{"t":32,"fc":5,"bc":0,"rz":0,"fh":0,"fv":0},{"t":32,"fc":5,"bc":0,"rz":0,"fh":0,"fv":0},{"t":32,"fc":5,"bc":0,"rz":0,"fh":0,"fv":0},{"t":32,"fc":5,"bc":0,"rz":0,"fh":0,"fv":0},{"t":74,"fc":5,"bc":0,"rz":0,"fh":0,"fv":0},{"t":196,"fc":5,"bc":0,"rz":0,"fh":0,"fv":0},{"t":196,"fc":5,"bc":0,"rz":0,"fh":0,"fv":0},{"t":32,"fc":5,"bc":0,"rz":0,"fh":0,"fv":0},{"t":32,"fc":5,"bc":0,"rz":0,"fh":0,"fv":0},{"t":32,"fc":5,"bc":0,"rz":0,"fh":0,"fv":0},{"t":32,"fc":5,"bc":0,"rz":0,"fh":0,"fv":0},{"t":196,"fc":5,"bc":0,"rz":0,"fh":0,"fv":0},{"t":196,"fc":5,"bc":0,"rz":0,"fh":0,"fv":0},{"t":75,"fc":5,"bc":0,"rz":0,"fh":0,"fv":0},{"t":32,"fc":5,"bc":0,"rz":0,"fh":0,"fv":0},{"t":32,"fc":5,"bc":0,"rz":0,"fh":0,"fv":0},{"t":32,"fc":5,"bc":0,"rz":0,"fh":0,"fv":0},{"t":32,"fc":5,"bc":0,"rz":0,"fh":0,"fv":0},{"t":32,"fc":5,"bc":0,"rz":0,"fh":0,"fv":0},{"t":32,"fc":5,"bc":0,"rz":0,"fh":0,"fv":0},{"t":32,"fc":5,"bc":0,"rz":0,"fh":0,"fv":0},{"t":32,"fc":5,"bc":0,"rz":0,"fh":0,"fv":0},{"t":32,"fc":5,"bc":0,"rz":0,"fh":0,"fv":0},{"t":32,"fc":5,"bc":0,"rz":0,"fh":0,"fv":0},{"t":32,"fc":5,"bc":0,"rz":0,"fh":0,"fv":0},{"t":108,"fc":5,"bc":0,"rz":0,"fh":0,"fv":0},{"t":221,"fc":5,"bc":0,"rz":0,"fh":0,"fv":0},{"t":177,"fc":5,"bc":0,"rz":0,"fh":0,"fv":0},{"t":123,"fc":5,"bc":0,"rz":0,"fh":0,"fv":0},{"t":32,"fc":5,"bc":0,"rz":0,"fh":0,"fv":0},{"t":32,"fc":5,"bc":0,"rz":0,"fh":0,"fv":0}],[{"t":32,"fc":5,"bc":0,"rz":0,"fh":0,"fv":0},{"t":32,"fc":5,"bc":-1,"rz":0,"fh":0,"fv":0},{"t":71,"fc":5,"bc":0,"rz":0,"fh":0,"fv":0},{"t":87,"fc":5,"bc":0,"rz":0,"fh":0,"fv":0},{"t":72,"fc":5,"bc":0,"rz":0,"fh":0,"fv":0},{"t":32,"fc":5,"bc":0,"rz":0,"fh":0,"fv":0},{"t":32,"fc":5,"bc":0,"rz":0,"fh":0,"fv":0},{"t":32,"fc":5,"bc":0,"rz":0,"fh":0,"fv":0},{"t":32,"fc":5,"bc":0,"rz":0,"fh":0,"fv":0},{"t":32,"fc":5,"bc":0,"rz":0,"fh":0,"fv":0},{"t":32,"fc":5,"bc":0,"rz":0,"fh":0,"fv":0},{"t":32,"fc":5,"bc":0,"rz":0,"fh":0,"fv":0},{"t":32,"fc":5,"bc":0,"rz":0,"fh":0,"fv":0},{"t":32,"fc":5,"bc":0,"rz":0,"fh":0,"fv":0},{"t":32,"fc":5,"bc":0,"rz":0,"fh":0,"fv":0},{"t":32,"fc":5,"bc":0,"rz":0,"fh":0,"fv":0},{"t":32,"fc":5,"bc":0,"rz":0,"fh":0,"fv":0},{"t":32,"fc":5,"bc":0,"rz":0,"fh":0,"fv":0},{"t":32,"fc":5,"bc":0,"rz":0,"fh":0,"fv":0},{"t":32,"fc":5,"bc":0,"rz":0,"fh":0,"fv":0},{"t":32,"fc":5,"bc":0,"rz":0,"fh":0,"fv":0},{"t":32,"fc":5,"bc":0,"rz":0,"fh":0,"fv":0},{"t":32,"fc":5,"bc":0,"rz":0,"fh":0,"fv":0},{"t":32,"fc":5,"bc":0,"rz":0,"fh":0,"fv":0},{"t":32,"fc":5,"bc":0,"rz":0,"fh":0,"fv":0},{"t":32,"fc":5,"bc":0,"rz":0,"fh":0,"fv":0},{"t":32,"fc":5,"bc":0,"rz":0,"fh":0,"fv":0},{"t":32,"fc":5,"bc":0,"rz":0,"fh":0,"fv":0},{"t":32,"fc":5,"bc":0,"rz":0,"fh":0,"fv":0},{"t":32,"fc":5,"bc":0,"rz":0,"fh":0,"fv":0},{"t":32,"fc":5,"bc":0,"rz":0,"fh":0,"fv":0},{"t":32,"fc":5,"bc":0,"rz":0,"fh":0,"fv":0},{"t":32,"fc":5,"bc":0,"rz":0,"fh":0,"fv":0},{"t":32,"fc":5,"bc":0,"rz":0,"fh":0,"fv":0},{"t":254,"fc":5,"bc":0,"rz":0,"fh":0,"fv":0},{"t":219,"fc":5,"bc":0,"rz":0,"fh":0,"fv":0},{"t":192,"fc":5,"bc":0,"rz":0,"fh":0,"fv":0},{"t":252,"fc":5,"bc":0,"rz":0,"fh":0,"fv":0},{"t":32,"fc":5,"bc":0,"rz":0,"fh":0,"fv":0},{"t":32,"fc":5,"bc":0,"rz":0,"fh":0,"fv":0}],[{"t":32,"fc":5,"bc":0,"rz":0,"fh":0,"fv":0},{"t":32,"fc":5,"bc":-1,"rz":0,"fh":0,"fv":0},{"t":74,"fc":5,"bc":0,"rz":0,"fh":0,"fv":0},{"t":70,"fc":5,"bc":0,"rz":0,"fh":0,"fv":0},{"t":75,"fc":5,"bc":0,"rz":0,"fh":0,"fv":0},{"t":32,"fc":5,"bc":0,"rz":0,"fh":0,"fv":0},{"t":32,"fc":5,"bc":0,"rz":0,"fh":0,"fv":0},{"t":85,"fc":5,"bc":0,"rz":0,"fh":0,"fv":0},{"t":68,"fc":5,"bc":0,"rz":0,"fh":0,"fv":0},{"t":73,"fc":5,"bc":0,"rz":0,"fh":0,"fv":0},{"t":32,"fc":5,"bc":0,"rz":0,"fh":0,"fv":0},{"t":32,"fc":5,"bc":0,"rz":0,"fh":0,"fv":0},{"t":32,"fc":5,"bc":0,"rz":0,"fh":0,"fv":0},{"t":32,"fc":5,"bc":0,"rz":0,"fh":0,"fv":0},{"t":32,"fc":5,"bc":0,"rz":0,"fh":0,"fv":0},{"t":32,"fc":5,"bc":0,"rz":0,"fh":0,"fv":0},{"t":32,"fc":5,"bc":0,"rz":0,"fh":0,"fv":0},{"t":32,"fc":5,"bc":0,"rz":0,"fh":0,"fv":0},{"t":32,"fc":5,"bc":0,"rz":0,"fh":0,"fv":0},{"t":32,"fc":5,"bc":0,"rz":0,"fh":0,"fv":0},{"t":32,"fc":5,"bc":0,"rz":0,"fh":0,"fv":0},{"t":32,"fc":5,"bc":0,"rz":0,"fh":0,"fv":0},{"t":32,"fc":5,"bc":0,"rz":0,"fh":0,"fv":0},{"t":32,"fc":5,"bc":0,"rz":0,"fh":0,"fv":0},{"t":32,"fc":5,"bc":0,"rz":0,"fh":0,"fv":0},{"t":32,"fc":5,"bc":0,"rz":0,"fh":0,"fv":0},{"t":32,"fc":5,"bc":0,"rz":0,"fh":0,"fv":0},{"t":32,"fc":5,"bc":0,"rz":0,"fh":0,"fv":0},{"t":32,"fc":5,"bc":0,"rz":0,"fh":0,"fv":0},{"t":32,"fc":5,"bc":0,"rz":0,"fh":0,"fv":0},{"t":32,"fc":5,"bc":0,"rz":0,"fh":0,"fv":0},{"t":32,"fc":5,"bc":0,"rz":0,"fh":0,"fv":0},{"t":32,"fc":5,"bc":0,"rz":0,"fh":0,"fv":0},{"t":32,"fc":5,"bc":-1,"rz":0,"fh":0,"fv":0},{"t":234,"fc":5,"bc":0,"rz":0,"fh":0,"fv":0},{"t":219,"fc":5,"bc":0,"rz":0,"fh":0,"fv":0},{"t":192,"fc":5,"bc":0,"rz":0,"fh":0,"fv":0},{"t":244,"fc":5,"bc":0,"rz":0,"fh":0,"fv":0},{"t":32,"fc":5,"bc":-1,"rz":0,"fh":0,"fv":0},{"t":32,"fc":5,"bc":0,"rz":0,"fh":0,"fv":0}],[{"t":32,"fc":5,"bc":0,"rz":0,"fh":0,"fv":0},{"t":32,"fc":5,"bc":-1,"rz":0,"fh":0,"fv":0},{"t":32,"fc":5,"bc":-1,"rz":0,"fh":0,"fv":0},{"t":32,"fc":5,"bc":-1,"rz":0,"fh":0,"fv":0},{"t":32,"fc":5,"bc":0,"rz":0,"fh":0,"fv":0},{"t":32,"fc":5,"bc":0,"rz":0,"fh":0,"fv":0},{"t":32,"fc":5,"bc":0,"rz":0,"fh":0,"fv":0},{"t":71,"fc":5,"bc":0,"rz":0,"fh":0,"fv":0},{"t":87,"fc":5,"bc":0,"rz":0,"fh":0,"fv":0},{"t":72,"fc":5,"bc":0,"rz":0,"fh":0,"fv":0},{"t":32,"fc":5,"bc":0,"rz":0,"fh":0,"fv":0},{"t":32,"fc":5,"bc":0,"rz":0,"fh":0,"fv":0},{"t":32,"fc":5,"bc":0,"rz":0,"fh":0,"fv":0},{"t":32,"fc":5,"bc":0,"rz":0,"fh":0,"fv":0},{"t":32,"fc":5,"bc":0,"rz":0,"fh":0,"fv":0},{"t":32,"fc":5,"bc":0,"rz":0,"fh":0,"fv":0},{"t":32,"fc":5,"bc":0,"rz":0,"fh":0,"fv":0},{"t":32,"fc":5,"bc":0,"rz":0,"fh":0,"fv":0},{"t":32,"fc":5,"bc":0,"rz":0,"fh":0,"fv":0},{"t":32,"fc":5,"bc":0,"rz":0,"fh":0,"fv":0},{"t":32,"fc":5,"bc":0,"rz":0,"fh":0,"fv":0},{"t":32,"fc":5,"bc":0,"rz":0,"fh":0,"fv":0},{"t":32,"fc":5,"bc":0,"rz":0,"fh":0,"fv":0},{"t":32,"fc":5,"bc":0,"rz":0,"fh":0,"fv":0},{"t":32,"fc":5,"bc":0,"rz":0,"fh":0,"fv":0},{"t":32,"fc":5,"bc":0,"rz":0,"fh":0,"fv":0},{"t":32,"fc":5,"bc":0,"rz":0,"fh":0,"fv":0},{"t":32,"fc":5,"bc":0,"rz":0,"fh":0,"fv":0},{"t":32,"fc":5,"bc":0,"rz":0,"fh":0,"fv":0},{"t":32,"fc":5,"bc":0,"rz":0,"fh":0,"fv":0},{"t":32,"fc":5,"bc":0,"rz":0,"fh":0,"fv":0},{"t":32,"fc":5,"bc":0,"rz":0,"fh":0,"fv":0},{"t":32,"fc":5,"bc":0,"rz":0,"fh":0,"fv":0},{"t":32,"fc":5,"bc":-1,"rz":0,"fh":0,"fv":0},{"t":234,"fc":5,"bc":0,"rz":0,"fh":0,"fv":0},{"t":219,"fc":5,"bc":0,"rz":0,"fh":0,"fv":0},{"t":192,"fc":5,"bc":0,"rz":0,"fh":0,"fv":0},{"t":244,"fc":5,"bc":0,"rz":0,"fh":0,"fv":0},{"t":32,"fc":5,"bc":-1,"rz":0,"fh":0,"fv":0},{"t":32,"fc":5,"bc":0,"rz":0,"fh":0,"fv":0}],[{"t":32,"fc":5,"bc":0,"rz":0,"fh":0,"fv":0},{"t":32,"fc":5,"bc":-1,"rz":0,"fh":0,"fv":0},{"t":32,"fc":5,"bc":-1,"rz":0,"fh":0,"fv":0},{"t":32,"fc":5,"bc":-1,"rz":0,"fh":0,"fv":0},{"t":32,"fc":5,"bc":0,"rz":0,"fh":0,"fv":0},{"t":32,"fc":5,"bc":0,"rz":0,"fh":0,"fv":0},{"t":32,"fc":5,"bc":0,"rz":0,"fh":0,"fv":0},{"t":74,"fc":5,"bc":0,"rz":0,"fh":0,"fv":0},{"t":70,"fc":5,"bc":0,"rz":0,"fh":0,"fv":0},{"t":75,"fc":5,"bc":0,"rz":0,"fh":0,"fv":0},{"t":32,"fc":5,"bc":0,"rz":0,"fh":0,"fv":0},{"t":32,"fc":5,"bc":0,"rz":0,"fh":0,"fv":0},{"t":32,"fc":5,"bc":0,"rz":0,"fh":0,"fv":0},{"t":32,"fc":5,"bc":0,"rz":0,"fh":0,"fv":0},{"t":32,"fc":5,"bc":0,"rz":0,"fh":0,"fv":0},{"t":32,"fc":5,"bc":0,"rz":0,"fh":0,"fv":0},{"t":32,"fc":5,"bc":0,"rz":0,"fh":0,"fv":0},{"t":32,"fc":5,"bc":0,"rz":0,"fh":0,"fv":0},{"t":32,"fc":5,"bc":0,"rz":0,"fh":0,"fv":0},{"t":32,"fc":5,"bc":0,"rz":0,"fh":0,"fv":0},{"t":32,"fc":5,"bc":0,"rz":0,"fh":0,"fv":0},{"t":32,"fc":5,"bc":0,"rz":0,"fh":0,"fv":0},{"t":32,"fc":5,"bc":0,"rz":0,"fh":0,"fv":0},{"t":32,"fc":5,"bc":0,"rz":0,"fh":0,"fv":0},{"t":32,"fc":5,"bc":0,"rz":0,"fh":0,"fv":0},{"t":32,"fc":5,"bc":0,"rz":0,"fh":0,"fv":0},{"t":32,"fc":5,"bc":0,"rz":0,"fh":0,"fv":0},{"t":32,"fc":5,"bc":0,"rz":0,"fh":0,"fv":0},{"t":32,"fc":5,"bc":0,"rz":0,"fh":0,"fv":0},{"t":32,"fc":5,"bc":0,"rz":0,"fh":0,"fv":0},{"t":32,"fc":5,"bc":0,"rz":0,"fh":0,"fv":0},{"t":32,"fc":5,"bc":0,"rz":0,"fh":0,"fv":0},{"t":32,"fc":5,"bc":0,"rz":0,"fh":0,"fv":0},{"t":225,"fc":5,"bc":0,"rz":0,"fh":0,"fv":0},{"t":234,"fc":5,"bc":0,"rz":0,"fh":0,"fv":0},{"t":241,"fc":5,"bc":0,"rz":0,"fh":0,"fv":0},{"t":192,"fc":5,"bc":0,"rz":0,"fh":0,"fv":0},{"t":244,"fc":5,"bc":0,"rz":0,"fh":0,"fv":0},{"t":97,"fc":5,"bc":0,"rz":0,"fh":0,"fv":0},{"t":32,"fc":5,"bc":0,"rz":0,"fh":0,"fv":0}],[{"t":32,"fc":5,"bc":0,"rz":0,"fh":0,"fv":0},{"t":32,"fc":5,"bc":-1,"rz":0,"fh":0,"fv":0},{"t":32,"fc":5,"bc":-1,"rz":0,"fh":0,"fv":0},{"t":32,"fc":5,"bc":-1,"rz":0,"fh":0,"fv":0},{"t":32,"fc":5,"bc":0,"rz":0,"fh":0,"fv":0},{"t":32,"fc":5,"bc":0,"rz":0,"fh":0,"fv":0},{"t":32,"fc":5,"bc":0,"rz":0,"fh":0,"fv":0},{"t":32,"fc":5,"bc":0,"rz":0,"fh":0,"fv":0},{"t":32,"fc":5,"bc":0,"rz":0,"fh":0,"fv":0},{"t":32,"fc":5,"bc":0,"rz":0,"fh":0,"fv":0},{"t":32,"fc":5,"bc":0,"rz":0,"fh":0,"fv":0},{"t":32,"fc":5,"bc":0,"rz":0,"fh":0,"fv":0},{"t":32,"fc":5,"bc":0,"rz":0,"fh":0,"fv":0},{"t":32,"fc":5,"bc":0,"rz":0,"fh":0,"fv":0},{"t":32,"fc":5,"bc":0,"rz":0,"fh":0,"fv":0},{"t":32,"fc":5,"bc":0,"rz":0,"fh":0,"fv":0},{"t":32,"fc":5,"bc":0,"rz":0,"fh":0,"fv":0},{"t":32,"fc":5,"bc":0,"rz":0,"fh":0,"fv":0},{"t":32,"fc":5,"bc":0,"rz":0,"fh":0,"fv":0},{"t":32,"fc":5,"bc":0,"rz":0,"fh":0,"fv":0},{"t":32,"fc":5,"bc":0,"rz":0,"fh":0,"fv":0},{"t":32,"fc":5,"bc":0,"rz":0,"fh":0,"fv":0},{"t":32,"fc":5,"bc":0,"rz":0,"fh":0,"fv":0},{"t":32,"fc":5,"bc":0,"rz":0,"fh":0,"fv":0},{"t":32,"fc":5,"bc":0,"rz":0,"fh":0,"fv":0},{"t":32,"fc":5,"bc":0,"rz":0,"fh":0,"fv":0},{"t":32,"fc":5,"bc":0,"rz":0,"fh":0,"fv":0},{"t":32,"fc":5,"bc":0,"rz":0,"fh":0,"fv":0},{"t":32,"fc":5,"bc":0,"rz":0,"fh":0,"fv":0},{"t":32,"fc":5,"bc":0,"rz":0,"fh":0,"fv":0},{"t":32,"fc":5,"bc":0,"rz":0,"fh":0,"fv":0},{"t":32,"fc":5,"bc":0,"rz":0,"fh":0,"fv":0},{"t":32,"fc":5,"bc":0,"rz":0,"fh":0,"fv":0},{"t":225,"fc":5,"bc":0,"rz":0,"fh":0,"fv":0},{"t":213,"fc":5,"bc":0,"rz":0,"fh":0,"fv":0},{"t":95,"fc":5,"bc":0,"rz":0,"fh":0,"fv":0},{"t":105,"fc":5,"bc":0,"rz":0,"fh":0,"fv":0},{"t":201,"fc":5,"bc":0,"rz":0,"fh":0,"fv":0},{"t":97,"fc":5,"bc":0,"rz":0,"fh":0,"fv":0},{"t":32,"fc":5,"bc":0,"rz":0,"fh":0,"fv":0}],[{"t":32,"fc":5,"bc":0,"rz":0,"fh":0,"fv":0},{"t":32,"fc":5,"bc":-1,"rz":0,"fh":0,"fv":0},{"t":32,"fc":5,"bc":-1,"rz":0,"fh":0,"fv":0},{"t":32,"fc":5,"bc":-1,"rz":0,"fh":0,"fv":0},{"t":32,"fc":5,"bc":0,"rz":0,"fh":0,"fv":0},{"t":32,"fc":5,"bc":0,"rz":0,"fh":0,"fv":0},{"t":32,"fc":5,"bc":0,"rz":0,"fh":0,"fv":0},{"t":32,"fc":5,"bc":0,"rz":0,"fh":0,"fv":0},{"t":32,"fc":5,"bc":0,"rz":0,"fh":0,"fv":0},{"t":32,"fc":5,"bc":0,"rz":0,"fh":0,"fv":0},{"t":32,"fc":5,"bc":0,"rz":0,"fh":0,"fv":0},{"t":32,"fc":5,"bc":0,"rz":0,"fh":0,"fv":0},{"t":32,"fc":5,"bc":0,"rz":0,"fh":0,"fv":0},{"t":32,"fc":5,"bc":0,"rz":0,"fh":0,"fv":0},{"t":32,"fc":5,"bc":0,"rz":0,"fh":0,"fv":0},{"t":32,"fc":5,"bc":0,"rz":0,"fh":0,"fv":0},{"t":32,"fc":5,"bc":0,"rz":0,"fh":0,"fv":0},{"t":32,"fc":5,"bc":0,"rz":0,"fh":0,"fv":0},{"t":32,"fc":5,"bc":0,"rz":0,"fh":0,"fv":0},{"t":32,"fc":5,"bc":0,"rz":0,"fh":0,"fv":0},{"t":32,"fc":5,"bc":0,"rz":0,"fh":0,"fv":0},{"t":32,"fc":5,"bc":0,"rz":0,"fh":0,"fv":0},{"t":32,"fc":5,"bc":0,"rz":0,"fh":0,"fv":0},{"t":32,"fc":5,"bc":0,"rz":0,"fh":0,"fv":0},{"t":32,"fc":5,"bc":0,"rz":0,"fh":0,"fv":0},{"t":32,"fc":5,"bc":0,"rz":0,"fh":0,"fv":0},{"t":32,"fc":5,"bc":0,"rz":0,"fh":0,"fv":0},{"t":32,"fc":5,"bc":0,"rz":0,"fh":0,"fv":0},{"t":32,"fc":5,"bc":0,"rz":0,"fh":0,"fv":0},{"t":32,"fc":5,"bc":0,"rz":0,"fh":0,"fv":0},{"t":32,"fc":5,"bc":0,"rz":0,"fh":0,"fv":0},{"t":32,"fc":5,"bc":0,"rz":0,"fh":0,"fv":0},{"t":32,"fc":5,"bc":0,"rz":0,"fh":0,"fv":0},{"t":233,"fc":5,"bc":0,"rz":0,"fh":0,"fv":0},{"t":223,"fc":5,"bc":0,"rz":0,"fh":0,"fv":0},{"t":32,"fc":5,"bc":0,"rz":0,"fh":0,"fv":0},{"t":32,"fc":5,"bc":0,"rz":0,"fh":0,"fv":0},{"t":233,"fc":5,"bc":0,"rz":0,"fh":0,"fv":0},{"t":223,"fc":5,"bc":0,"rz":0,"fh":0,"fv":0},{"t":32,"fc":5,"bc":0,"rz":0,"fh":0,"fv":0}],[{"t":102,"fc":5,"bc":0,"rz":0,"fh":0,"fv":0},{"t":102,"fc":5,"bc":0,"rz":0,"fh":0,"fv":0},{"t":102,"fc":5,"bc":0,"rz":0,"fh":0,"fv":0},{"t":102,"fc":5,"bc":0,"rz":0,"fh":0,"fv":0},{"t":102,"fc":5,"bc":0,"rz":0,"fh":0,"fv":0},{"t":102,"fc":5,"bc":0,"rz":0,"fh":0,"fv":0},{"t":102,"fc":5,"bc":0,"rz":0,"fh":0,"fv":0},{"t":102,"fc":5,"bc":0,"rz":0,"fh":0,"fv":0},{"t":102,"fc":5,"bc":0,"rz":0,"fh":0,"fv":0},{"t":102,"fc":5,"bc":0,"rz":0,"fh":0,"fv":0},{"t":102,"fc":5,"bc":0,"rz":0,"fh":0,"fv":0},{"t":102,"fc":5,"bc":0,"rz":0,"fh":0,"fv":0},{"t":102,"fc":5,"bc":0,"rz":0,"fh":0,"fv":0},{"t":102,"fc":5,"bc":0,"rz":0,"fh":0,"fv":0},{"t":102,"fc":5,"bc":0,"rz":0,"fh":0,"fv":0},{"t":102,"fc":5,"bc":0,"rz":0,"fh":0,"fv":0},{"t":102,"fc":5,"bc":0,"rz":0,"fh":0,"fv":0},{"t":102,"fc":5,"bc":0,"rz":0,"fh":0,"fv":0},{"t":102,"fc":5,"bc":0,"rz":0,"fh":0,"fv":0},{"t":102,"fc":5,"bc":0,"rz":0,"fh":0,"fv":0},{"t":102,"fc":5,"bc":0,"rz":0,"fh":0,"fv":0},{"t":102,"fc":5,"bc":0,"rz":0,"fh":0,"fv":0},{"t":102,"fc":5,"bc":0,"rz":0,"fh":0,"fv":0},{"t":102,"fc":5,"bc":0,"rz":0,"fh":0,"fv":0},{"t":102,"fc":5,"bc":0,"rz":0,"fh":0,"fv":0},{"t":102,"fc":5,"bc":0,"rz":0,"fh":0,"fv":0},{"t":102,"fc":5,"bc":0,"rz":0,"fh":0,"fv":0},{"t":102,"fc":5,"bc":0,"rz":0,"fh":0,"fv":0},{"t":102,"fc":5,"bc":0,"rz":0,"fh":0,"fv":0},{"t":102,"fc":5,"bc":0,"rz":0,"fh":0,"fv":0},{"t":102,"fc":5,"bc":0,"rz":0,"fh":0,"fv":0},{"t":102,"fc":5,"bc":0,"rz":0,"fh":0,"fv":0},{"t":102,"fc":5,"bc":0,"rz":0,"fh":0,"fv":0},{"t":102,"fc":5,"bc":0,"rz":0,"fh":0,"fv":0},{"t":102,"fc":5,"bc":0,"rz":0,"fh":0,"fv":0},{"t":102,"fc":5,"bc":0,"rz":0,"fh":0,"fv":0},{"t":102,"fc":5,"bc":0,"rz":0,"fh":0,"fv":0},{"t":102,"fc":5,"bc":0,"rz":0,"fh":0,"fv":0},{"t":102,"fc":5,"bc":0,"rz":0,"fh":0,"fv":0},{"t":102,"fc":5,"bc":0,"rz":0,"fh":0,"fv":0}]],"bgColor":0,"borderColor":11}],"hasTileRotate":false,"hasTileFlip":false,"blockWidth":2,"blockHeight":2}]}